study_hours,marks,result
0.12,54.50,1
6.49,62.61,1
10.86,79.19,1
6.48,42.10,1
10.43,60.79,1
6.91,56.33,1
4.46,51.76,1
8.32,68.06,1
5.93,61.38,1
2.54,13.20,0
4.30,44.86,1
0.82,9.96,0
9.84,50.74,1
3.18,38.54,0
2.42,42.70,1
1.78,15.61,0
6.44,45.27,1
4.39,54.26,1
0.27,9.35,0
5.90,65.47,1
0.11,19.75,0
6.54,48.02,1
10.29,89.38,1
0.78,42.87,1
10.40,63.95,1
4.07,36.89,0
5.26,45.97,1
6.73,45.64,1
5.86,58.16,1
6.17,55.42,1
7.76,57.40,1
1.78,36.71,0
5.95,58.58,1
8.11,72.06,1
7.86,76.46,1
11.99,84.11,1
3.51,25.51,0
5.42,52.24,1
11.76,88.59,1
10.92,80.86,1
5.60,57.48,1
6.98,63.90,1
10.03,72.98,1
3.93,21.07,0
5.79,64.84,1
2.22,38.23,0
2.45,0.00,0
3.79,27.97,0
4.19,32.95,0
9.30,48.49,1
8.20,73.38,1
9.27,64.56,1
3.90,39.95,0
6.95,51.07,1
8.71,87.84,1
10.07,54.01,1
11.03,78.27,1
4.65,39.74,0
7.07,74.15,1
11.32,94.02,1
7.19,71.06,1
8.71,60.99,1
2.24,37.21,0
10.54,67.88,1
4.10,37.45,0
0.31,23.78,0
1.78,39.18,0
6.64,50.20,1
6.38,67.85,1
8.35,62.73,1
0.35,30.60,0
11.46,85.09,1
11.06,85.33,1
9.16,77.21,1
1.38,43.32,1
6.86,32.78,0
10.33,84.70,1
3.96,34.26,0
3.49,48.68,1
2.33,26.33,0
9.56,71.73,1
4.64,39.03,0
0.84,15.05,0
3.69,43.24,1
5.42,51.45,1
11.99,97.31,1
1.72,26.48,0
0.76,39.10,0
1.71,19.17,0
10.08,73.16,1
2.95,39.86,0
11.80,77.18,1
7.79,61.87,1
2.82,61.63,1
2.70,41.79,1
11.13,71.59,1
9.95,63.79,1
8.49,53.52,1
4.60,54.41,1
10.80,72.19,1
2.22,47.41,1
0.31,27.78,0
8.33,59.75,1
5.64,64.98,1
8.25,63.54,1
0.34,23.54,0
5.17,47.86,1
6.50,71.30,1
9.40,78.85,1
1.75,48.48,1
11.40,98.73,1
8.48,52.44,1
9.20,51.94,1
3.48,44.09,1
1.59,13.37,0
8.42,51.90,1
1.48,16.12,0
4.49,36.81,0
10.36,76.53,1
4.82,36.28,0
9.41,83.06,1
5.70,27.61,0
8.57,75.08,1
11.93,71.30,1
8.14,56.06,1
4.15,28.41,0
9.94,67.06,1
0.75,46.99,1
6.63,62.18,1
11.27,90.71,1
2.63,49.73,1
5.12,31.97,0
8.63,72.59,1
3.14,49.46,1
3.14,10.51,0
0.88,13.53,0
5.52,26.83,0
3.77,41.14,1
9.69,75.75,1
6.40,64.53,1
10.51,100.00,1
5.64,37.82,0
1.62,35.33,0
3.11,65.43,1
0.44,25.68,0
9.74,55.72,1
0.33,16.53,0
4.95,31.01,0
10.43,66.02,1
9.16,81.21,1
7.16,43.80,1
2.85,31.92,0
3.31,27.04,0
8.84,56.30,1
8.76,66.42,1
2.82,42.71,1
6.24,57.11,1
11.25,92.70,1
2.76,38.97,0
9.97,73.73,1
4.84,41.77,1
9.22,59.43,1
5.49,43.29,1
3.46,30.08,0
11.07,76.01,1
8.99,78.48,1
11.55,93.41,1
11.57,74.53,1
7.66,60.89,1
11.46,81.60,1
10.87,92.44,1
9.05,55.41,1
5.05,49.42,1
2.18,4.22,0
5.87,31.68,0
3.62,31.25,0
4.42,28.25,0
6.37,50.92,1
1.41,36.32,0
0.90,7.04,0
2.24,11.79,0
3.86,40.57,1
9.13,65.83,1
8.16,74.87,1
6.46,50.40,1
11.84,78.29,1
7.13,49.53,1
2.68,41.19,1
8.73,69.65,1
7.24,57.43,1
9.60,80.97,1
0.22,18.48,0
1.67,21.50,0
5.85,69.51,1
1.12,25.26,0
4.24,22.12,0
8.74,85.43,1
2.84,51.47,1
5.62,59.13,1
9.13,64.02,1
6.62,27.27,0
11.71,89.76,1
7.45,61.88,1
9.48,82.03,1
2.26,21.31,0
3.10,39.47,0
3.17,27.54,0
10.35,60.13,1
9.35,70.36,1
5.98,55.84,1
6.96,61.91,1
2.87,48.95,1
6.05,71.86,1
1.07,28.94,0
2.16,19.44,0
7.99,63.19,1
3.97,25.00,0
7.47,82.45,1
5.57,48.64,1
8.55,59.41,1
1.25,22.12,0
11.33,98.04,1
8.32,38.29,0
6.85,54.30,1
8.41,55.75,1
9.85,68.53,1
1.01,22.59,0
4.93,33.21,0
0.90,27.07,0
4.11,52.27,1
0.70,41.47,1
8.94,71.96,1
7.50,70.98,1
8.20,62.37,1
0.84,24.88,0
4.71,68.96,1
1.06,29.03,0
4.47,43.48,1
4.10,28.30,0
4.38,33.68,0
9.32,78.46,1
6.49,70.32,1
1.04,30.56,0
11.15,80.07,1
9.94,69.52,1
0.48,22.68,0
6.00,41.18,1
11.66,91.93,1
1.43,22.45,0
1.26,26.20,0
2.25,32.51,0
5.07,66.27,1
2.05,15.50,0
7.84,57.60,1
1.34,1.99,0
1.81,33.87,0
3.95,19.49,0
1.74,31.57,0
6.53,50.50,1
2.23,40.37,1
5.24,43.19,1
1.59,30.65,0
9.55,100.00,1
1.59,38.39,0
10.11,87.20,1
6.06,58.12,1
5.17,64.42,1
4.67,35.81,0
2.68,8.98,0
10.28,84.92,1
3.07,47.21,1
1.19,23.17,0
2.53,39.05,0
9.34,73.30,1
2.76,31.09,0
10.46,88.32,1
7.36,36.36,0
5.22,60.84,1
6.20,69.39,1
10.02,71.70,1
11.95,74.73,1
5.70,49.51,1
9.36,77.53,1
1.33,33.80,0
8.93,87.79,1
6.22,50.53,1
8.40,78.43,1
3.07,41.38,1
5.60,78.17,1
11.92,68.03,1
1.15,18.03,0
3.12,41.25,1
0.30,33.77,0
1.48,24.12,0
5.89,54.48,1
4.46,52.47,1
9.98,68.32,1
6.90,62.94,1
3.89,50.87,1
7.42,68.63,1
5.14,52.90,1
6.54,60.48,1
10.84,86.59,1
3.67,71.18,1
11.67,78.53,1
6.44,74.65,1
4.21,50.35,1
3.40,37.03,0
9.66,56.58,1
3.90,46.83,1
4.16,49.48,1
4.05,39.84,0
2.05,58.66,1
1.90,29.98,0
1.27,13.51,0
4.67,27.02,0
5.67,33.11,0
11.96,64.57,1
6.53,55.71,1
4.88,54.69,1
5.84,63.86,1
2.04,29.09,0
4.69,55.91,1
0.45,31.32,0
11.78,82.56,1
7.56,66.32,1
7.15,58.98,1
2.18,25.06,0
11.96,97.09,1
8.22,66.62,1
5.80,48.52,1
7.60,53.35,1
11.06,70.68,1
0.44,25.91,0
1.20,27.56,0
10.47,97.84,1
0.76,29.69,0
10.64,75.38,1
9.32,72.82,1
5.32,69.33,1
5.72,49.37,1
4.45,22.10,0
4.42,39.18,0
1.59,15.29,0
2.42,49.50,1
6.83,70.61,1
10.92,78.48,1
11.16,67.93,1
9.77,65.28,1
3.71,41.11,1
4.77,61.89,1
8.89,76.79,1
6.09,74.71,1
10.14,49.97,1
0.41,23.94,0
4.72,30.01,0
5.09,52.11,1
4.59,43.07,1
7.52,46.16,1
0.82,33.76,0
2.53,14.34,0
4.50,31.60,0
10.20,79.16,1
4.54,30.70,0
9.55,64.96,1
0.16,25.01,0
8.16,49.83,1
10.79,85.33,1
10.09,76.30,1
2.34,35.59,0
1.93,20.26,0
4.90,48.91,1
8.79,59.54,1
11.08,72.71,1
5.30,57.15,1
3.45,41.79,1
0.17,25.24,0
6.43,42.70,1
0.15,35.65,0
9.48,88.14,1
2.91,28.93,0
1.15,25.58,0
0.23,24.25,0
4.20,51.04,1
5.48,67.53,1
6.17,56.63,1
7.15,62.98,1
9.76,51.82,1
7.20,57.14,1
6.75,50.66,1
0.40,28.35,0
4.72,62.63,1
0.14,22.29,0
3.26,35.46,0
1.58,31.87,0
8.35,60.10,1
4.84,43.73,1
4.88,34.85,0
8.75,68.02,1
0.88,13.88,0
4.31,33.33,0
1.94,17.74,0
11.80,82.96,1
4.97,51.60,1
9.53,89.99,1
7.82,71.44,1
1.83,44.15,1
10.60,92.66,1
2.16,23.19,0
4.54,49.23,1
7.10,43.43,1
1.09,10.38,0
9.86,77.16,1
8.67,47.13,1
10.16,72.30,1
7.31,50.54,1
9.81,76.11,1
0.92,32.66,0
10.16,69.99,1
9.49,75.19,1
10.71,67.25,1
10.70,78.86,1
10.52,81.82,1
7.59,63.80,1
8.75,75.05,1
1.00,4.24,0
5.12,66.48,1
2.42,26.37,0
4.72,29.24,0
6.04,39.59,0
0.62,35.18,0
6.46,60.86,1
2.39,23.18,0
2.81,27.93,0
5.88,55.18,1
5.00,70.15,1
8.56,52.99,1
1.37,12.92,0
11.37,100.00,1
1.27,32.80,0
4.00,54.42,1
7.44,75.81,1
10.82,76.92,1
11.34,69.40,1
0.14,29.21,0
1.19,30.80,0
8.60,52.88,1
10.62,76.33,1
7.18,33.90,0
0.57,36.45,0
2.58,47.62,1
2.48,24.60,0
0.21,16.44,0
4.10,47.74,1
5.29,31.60,0
4.67,59.19,1
7.96,66.39,1
7.99,69.66,1
11.39,88.58,1
4.68,45.76,1
9.47,78.44,1
2.57,30.53,0
2.63,29.26,0
11.96,69.54,1
2.75,31.76,0
0.38,23.28,0
9.73,95.75,1
3.96,48.95,1
7.50,62.25,1
0.81,17.69,0
9.71,60.97,1
11.09,93.24,1
10.45,64.99,1
4.29,52.78,1
4.17,25.34,0
8.03,60.08,1
8.91,79.14,1
11.88,99.46,1
11.79,87.74,1
8.88,83.21,1
2.44,27.92,0
0.55,21.89,0
4.82,54.72,1
0.70,20.36,0
8.59,56.19,1
0.26,18.64,0
3.91,39.66,0
5.20,46.58,1
4.99,37.48,0
9.71,66.52,1
9.52,68.83,1
4.35,34.07,0
8.60,73.22,1
2.32,46.52,1
9.05,59.95,1
7.65,34.85,0
8.04,47.26,1
8.15,47.97,1
8.20,62.48,1
3.00,50.71,1
3.36,20.23,0
5.50,43.09,1
4.81,59.57,1
9.40,100.00,1
4.40,42.60,1
4.12,41.55,1
1.46,22.49,0
4.36,22.85,0
3.00,25.52,0
11.57,64.07,1
6.93,69.52,1
2.13,17.39,0
7.59,66.21,1
1.51,25.41,0
8.30,54.61,1
10.56,93.42,1
9.34,74.20,1
3.37,31.77,0
11.07,73.49,1
10.97,100.00,1
6.71,51.50,1
11.98,82.45,1
6.32,77.07,1
6.82,55.33,1
10.03,64.52,1
3.52,55.54,1
11.55,94.80,1
0.34,26.47,0
2.15,37.46,0
1.70,32.13,0
1.63,13.34,0
8.99,70.49,1
4.79,46.42,1
5.19,54.02,1
5.96,58.44,1
0.16,15.81,0
10.21,93.77,1
7.25,74.69,1
9.23,62.04,1
2.57,25.74,0
9.67,89.70,1
10.81,77.16,1
6.50,71.87,1
0.40,24.99,0
1.31,45.67,1
1.90,16.82,0
11.45,80.88,1
1.99,39.79,0
3.18,34.22,0
11.63,72.87,1
6.11,53.76,1
4.11,47.13,1
7.20,64.36,1
1.44,29.72,0
3.27,24.32,0
0.77,16.00,0
11.21,80.96,1
8.76,62.62,1
1.95,36.44,0
0.50,22.32,0
8.04,69.42,1
8.76,58.25,1
3.42,38.13,0
4.45,44.17,1
5.72,31.66,0
7.58,55.43,1
2.87,49.42,1
3.78,61.69,1
2.46,64.62,1
11.70,79.02,1
9.24,69.32,1
7.42,54.95,1
4.80,46.40,1
5.69,43.71,1
3.90,37.51,0
4.09,29.34,0
0.50,20.39,0
5.00,47.33,1
1.39,36.66,0
0.36,3.30,0
9.40,65.32,1
6.93,57.63,1
5.40,46.81,1
9.10,53.83,1
11.08,94.11,1
9.97,68.09,1
9.50,64.80,1
2.12,41.46,1
3.92,61.35,1
3.96,60.70,1
10.38,78.15,1
0.58,19.09,0
6.00,47.62,1
0.73,32.96,0
5.66,33.83,0
8.76,78.59,1
8.60,51.00,1
10.31,90.72,1
0.45,22.61,0
4.25,42.60,1
2.03,31.71,0
10.73,82.32,1
5.00,59.96,1
10.96,56.48,1
9.18,58.13,1
10.80,57.76,1
0.59,23.39,0
6.70,51.02,1
11.26,100.00,1
11.51,95.01,1
10.64,73.12,1
9.75,95.91,1
7.51,80.99,1
11.58,97.11,1
6.12,42.59,1
0.29,23.86,0
11.29,88.70,1
10.35,81.30,1
6.43,68.03,1
11.75,84.94,1
1.65,26.85,0
0.77,15.29,0
5.60,42.93,1
3.56,21.98,0
8.77,64.58,1
4.94,45.79,1
7.34,62.50,1
11.90,85.90,1
1.17,33.16,0
7.48,53.17,1
2.17,15.59,0
8.95,86.73,1
6.37,56.67,1
11.30,77.82,1
4.45,50.23,1
11.22,82.15,1
6.06,36.08,0
0.43,30.98,0
3.66,45.53,1
6.03,45.40,1
4.24,36.61,0
1.65,21.21,0
5.06,50.01,1
0.93,43.77,1
7.33,48.95,1
5.30,51.29,1
1.27,43.43,1
3.14,33.69,0
2.24,51.97,1
7.62,63.72,1
8.33,71.94,1
8.03,53.51,1
11.54,85.72,1
10.95,100.00,1
4.69,35.28,0
0.89,29.46,0
3.26,23.99,0
7.55,63.99,1
9.43,48.43,1
5.48,60.45,1
11.38,80.01,1
9.80,82.39,1
11.61,94.44,1
8.22,55.94,1
11.61,100.00,1
1.04,19.85,0
9.51,76.91,1
11.81,64.68,1
10.78,75.50,1
5.54,34.98,0
11.10,81.94,1
11.03,70.10,1
8.42,57.39,1
8.96,65.24,1
0.51,14.51,0
7.85,84.28,1
2.96,42.14,1
0.81,32.85,0
5.89,43.89,1
7.57,53.79,1
2.24,29.44,0
8.89,71.69,1
6.26,57.30,1
11.64,88.51,1
2.71,41.99,1
8.40,73.53,1
3.99,47.02,1
2.99,36.98,0
1.98,44.41,1
3.89,29.55,0
9.65,67.40,1
9.41,63.92,1
3.05,44.26,1
3.15,17.48,0
4.30,48.83,1
5.78,58.85,1
11.94,85.46,1
1.33,39.65,0
4.57,37.22,0
9.07,73.31,1
4.82,38.76,0
9.74,76.67,1
0.26,22.83,0
2.35,34.46,0
2.87,42.56,1
8.09,54.58,1
8.58,62.11,1
6.47,40.86,1
5.13,56.29,1
5.65,60.26,1
4.46,41.27,1
4.79,23.86,0
7.77,51.64,1
4.95,53.00,1
7.85,41.61,1
8.95,69.65,1
0.01,0.00,0
11.36,66.62,1
7.29,55.58,1
6.49,49.87,1
9.28,70.49,1
5.72,54.07,1
2.42,27.76,0
5.88,52.07,1
2.49,45.64,1
0.55,29.37,0
11.03,85.88,1
2.71,26.89,0
9.84,54.78,1
9.25,65.73,1
10.16,88.23,1
4.03,34.21,0
9.36,72.04,1
2.87,22.12,0
1.13,32.36,0
0.22,37.75,0
6.96,61.87,1
8.42,60.25,1
7.95,87.19,1
10.03,73.75,1
7.56,87.10,1
10.70,92.15,1
2.14,30.22,0
10.89,80.71,1
7.20,63.14,1
1.34,34.27,0
7.88,39.40,0
10.26,98.39,1
1.75,33.58,0
3.77,42.92,1
6.41,60.62,1
0.73,30.35,0
0.14,28.14,0
11.48,87.12,1
0.35,7.58,0
2.67,24.06,0
7.58,69.86,1
2.93,30.82,0
9.92,43.70,1
2.65,39.33,0
3.83,38.48,0
2.14,48.83,1
11.34,92.17,1
6.32,87.89,1
6.71,72.22,1
1.61,27.50,0
10.94,75.90,1
0.14,18.50,0
11.52,75.35,1
9.83,77.92,1
8.39,84.63,1
11.98,80.70,1
6.65,40.18,1
6.97,59.54,1
2.88,27.26,0
6.57,55.32,1
2.96,38.04,0
8.04,47.57,1
0.78,23.73,0
11.60,73.89,1
2.07,42.85,1
1.89,33.37,0
2.57,50.05,1
2.03,27.18,0
11.03,66.72,1
2.09,25.05,0
9.64,77.97,1
11.21,84.91,1
8.56,73.32,1
8.14,47.81,1
8.05,70.82,1
8.96,60.97,1
9.51,78.14,1
1.30,26.25,0
5.59,25.75,0
7.98,52.48,1
6.52,62.28,1
0.60,22.28,0
3.83,46.60,1
0.67,18.05,0
6.88,65.46,1
8.24,79.09,1
8.47,58.97,1
1.05,23.09,0
7.84,55.01,1
10.41,80.90,1
2.83,34.56,0
8.97,60.20,1
9.22,70.80,1
9.84,75.13,1
2.81,54.42,1
3.52,56.56,1
10.78,76.46,1
4.56,38.04,0
9.95,85.52,1
1.17,38.56,0
0.23,15.25,0
10.56,39.02,0
5.87,38.28,0
7.62,56.73,1
10.22,79.51,1
10.68,78.90,1
2.29,33.57,0
9.30,80.71,1
6.64,52.33,1
0.46,33.68,0
3.86,39.34,0
6.34,47.60,1
5.15,55.54,1
10.92,74.06,1
4.15,52.72,1
2.95,34.66,0
5.00,63.79,1
4.25,39.21,0
7.12,58.08,1
0.55,7.05,0
1.73,13.62,0
10.78,80.78,1
10.94,65.15,1
11.24,79.80,1
3.86,53.75,1
4.20,46.12,1
9.88,83.61,1
6.35,67.99,1
8.21,60.34,1
9.66,60.81,1
6.17,58.70,1
10.61,75.31,1
5.13,63.62,1
11.67,69.06,1
6.02,41.17,1
5.17,60.08,1
0.45,23.34,0
2.15,32.44,0
8.99,77.46,1
10.15,79.87,1
0.67,44.83,1
4.43,28.60,0
10.13,96.09,1
11.02,59.39,1
10.25,81.49,1
0.38,21.36,0
4.46,38.80,0
11.39,87.50,1
4.33,52.68,1
7.25,54.33,1
0.06,24.09,0
5.95,50.79,1
5.25,39.92,0
3.69,30.06,0
7.86,46.68,1
9.06,53.89,1
8.46,72.04,1
2.49,15.58,0
6.16,46.51,1
9.43,89.57,1
10.41,63.88,1
0.59,22.22,0
2.82,9.95,0
0.85,46.72,1
11.01,83.09,1
9.68,78.26,1
1.35,31.64,0
2.02,32.10,0
11.49,87.26,1
10.98,90.91,1
3.73,53.85,1
0.27,35.97,0
5.91,70.29,1
11.32,92.96,1
4.42,57.44,1
4.51,56.90,1
7.89,44.55,1
0.15,18.05,0
4.51,38.99,0
2.25,40.73,1
2.07,12.53,0
10.74,88.98,1
7.73,65.52,1
7.24,53.00,1
11.18,90.44,1
6.03,56.02,1
4.42,53.10,1
4.76,25.74,0
11.16,91.35,1
0.83,20.34,0
11.85,76.89,1
5.05,47.83,1
11.17,100.00,1
4.78,50.62,1
9.45,56.58,1
5.54,69.17,1
9.70,64.68,1
0.15,14.66,0
2.40,47.73,1
4.66,37.96,0
10.93,67.23,1
3.51,44.65,1
1.90,56.70,1
11.98,93.80,1
5.67,53.16,1
2.21,30.51,0
3.12,47.56,1
4.38,30.17,0
7.60,52.34,1
8.66,65.93,1
5.34,38.71,0
11.31,88.07,1
0.73,25.88,0
0.32,28.97,0
7.20,73.42,1
7.96,58.40,1
1.42,24.94,0
9.13,72.51,1
10.84,80.15,1
4.68,15.20,0
7.44,56.16,1
5.21,53.24,1
9.76,73.94,1
10.12,67.34,1
0.10,35.20,0
7.77,66.47,1
4.48,41.89,1
10.78,91.02,1
4.41,45.76,1
4.39,33.45,0
4.21,60.17,1
2.15,7.57,0
0.46,20.69,0
8.25,73.95,1
1.19,15.25,0
5.50,36.59,0
8.75,71.54,1
2.87,10.27,0
11.38,83.90,1
6.24,63.83,1
10.70,100.00,1
11.40,76.59,1
3.90,56.94,1
5.61,38.83,0
2.75,39.79,0
3.15,29.10,0
1.96,25.08,0
3.88,72.16,1
7.59,59.29,1
9.73,100.00,1
3.35,24.25,0
1.97,34.11,0
11.81,100.00,1
0.54,20.10,0
11.02,79.59,1
10.47,68.35,1
10.99,78.41,1
6.03,57.31,1
8.34,78.73,1
7.18,73.88,1
10.05,92.38,1
3.64,35.54,0
10.70,55.72,1
7.49,59.80,1
4.57,51.64,1
8.85,97.06,1
3.73,25.84,0
0.68,0.00,0
4.93,52.06,1
1.78,33.23,0
2.13,52.60,1
3.87,32.75,0
10.55,99.37,1
9.26,76.65,1
6.19,64.00,1
1.79,8.48,0
0.81,0.00,0
5.12,46.14,1
2.22,33.79,0
8.44,45.74,1
2.84,33.10,0
9.31,64.69,1
0.53,24.47,0
4.12,53.69,1
5.92,54.52,1
2.84,47.55,1
2.06,29.30,0
3.43,17.60,0
5.39,50.74,1
11.67,71.19,1
5.69,70.71,1
8.81,77.66,1
5.05,50.00,1
8.52,73.73,1
3.41,54.86,1
2.60,18.71,0
2.45,47.77,1
8.42,50.29,1
5.40,51.50,1
8.36,71.29,1
9.18,93.54,1
9.00,79.75,1
0.70,26.69,0
8.65,58.66,1
8.28,53.70,1
6.00,61.74,1
6.62,68.92,1
2.18,38.45,0
2.68,36.80,0
5.17,51.30,1
5.83,38.55,0
10.11,64.59,1
8.73,59.56,1
7.50,60.70,1
10.24,79.43,1
3.88,44.92,1
10.47,82.52,1
6.96,75.55,1
2.38,37.91,0
3.77,50.87,1
3.92,33.56,0
9.03,74.86,1
10.60,90.59,1
7.15,55.98,1
6.28,68.14,1
6.28,50.14,1
2.77,45.54,1
6.95,52.13,1
2.00,39.83,0
2.48,30.84,0
0.77,19.43,0
2.78,30.91,0
4.86,45.16,1
2.78,39.60,0
9.17,57.86,1
1.13,21.79,0
3.51,37.78,0
1.32,29.05,0
11.93,81.34,1
0.33,17.48,0
11.51,96.60,1
2.95,34.40,0
11.87,73.24,1
5.38,48.12,1
5.16,36.48,0
9.06,85.54,1
6.44,46.38,1
10.53,86.28,1
5.92,60.73,1
10.20,78.76,1
6.40,39.58,0
5.10,62.46,1
5.25,57.11,1
7.09,81.10,1
4.15,30.81,0
5.87,53.78,1
9.54,63.65,1
7.30,70.17,1
5.70,44.37,1
3.64,58.80,1
0.11,20.99,0
6.26,66.57,1
1.51,34.27,0
3.31,38.76,0
4.75,46.95,1
7.28,72.31,1
2.61,24.35,0
4.35,31.40,0
3.62,50.97,1
9.69,69.33,1
11.00,76.16,1
1.20,19.38,0
3.30,27.34,0
11.08,100.00,1
9.36,61.94,1
2.70,26.07,0
2.59,14.68,0
10.33,78.51,1
2.54,28.81,0
2.84,23.37,0
5.81,38.17,0
6.18,58.18,1
2.77,33.19,0
5.46,55.11,1
3.14,43.13,1
5.82,62.29,1
4.13,42.07,1
7.89,65.97,1
5.44,45.41,1
6.21,54.26,1
8.34,70.72,1
6.43,52.38,1
0.34,13.70,0
2.50,22.94,0
0.64,27.10,0
4.98,39.48,0
6.66,58.92,1
7.38,65.15,1
7.16,54.40,1
6.49,49.52,1
5.90,58.25,1
1.26,29.81,0
10.31,81.93,1
11.91,74.61,1
4.88,53.63,1
8.00,51.67,1
6.68,72.63,1
7.40,78.93,1
7.12,54.67,1
10.58,90.43,1
4.86,61.37,1
3.56,48.20,1
4.68,66.04,1
7.95,55.48,1
7.21,82.05,1
9.17,87.93,1
6.54,58.11,1
4.48,49.22,1
3.12,38.44,0
0.91,25.12,0
5.01,50.53,1
1.16,22.42,0
11.32,85.90,1
6.57,48.62,1
7.57,56.71,1
8.49,75.71,1
7.74,58.13,1
11.06,84.74,1
8.76,64.32,1
10.18,75.49,1
3.02,34.86,0
1.39,10.74,0
11.81,81.54,1
6.43,63.03,1
1.17,22.67,0
3.30,37.38,0
0.51,10.99,0
11.13,77.67,1
0.99,24.26,0
3.94,29.22,0
11.86,100.00,1
3.76,62.59,1
10.35,75.23,1
9.29,71.37,1
1.82,16.20,0
6.40,35.02,0
2.38,29.42,0
11.90,100.00,1
11.85,100.00,1
11.14,75.46,1
11.86,91.27,1
3.87,64.66,1
5.93,58.27,1
7.12,67.44,1
0.03,9.26,0
11.72,85.63,1
10.54,85.83,1
3.51,39.65,0
7.76,69.61,1
2.02,40.31,1
7.77,45.63,1
10.79,86.08,1
3.58,28.75,0
0.69,0.00,0
10.35,67.74,1
1.69,36.85,0
5.58,53.66,1
10.53,78.85,1
0.31,43.28,1
6.98,54.83,1
12.00,63.73,1
2.76,28.97,0
5.30,69.60,1
8.60,67.71,1
5.77,61.61,1
1.65,34.33,0
6.09,57.82,1
10.30,69.47,1
9.44,71.39,1
7.34,59.32,1
9.75,64.92,1
9.58,76.64,1
10.30,71.86,1
5.02,58.70,1
10.10,82.51,1
1.08,55.27,1
2.86,35.09,0
4.37,54.82,1
10.10,60.09,1
1.35,23.19,0
8.06,61.81,1
7.17,41.76,1
7.08,74.17,1
10.06,90.76,1
11.77,100.00,1
7.36,78.62,1
2.69,40.15,1
0.78,12.41,0
11.98,87.69,1
1.68,33.70,0
4.34,33.37,0
0.28,20.02,0
10.03,82.26,1
11.26,91.57,1
8.35,67.68,1
1.55,25.43,0
1.95,31.18,0
1.81,36.96,0
11.56,79.48,1
1.56,12.94,0
1.73,39.97,0
9.22,63.08,1
2.74,32.17,0
5.98,56.09,1
0.90,12.66,0
9.66,77.51,1
0.71,44.20,1
10.86,88.80,1
0.89,8.21,0
11.00,59.65,1
6.49,57.72,1
8.48,64.84,1
0.05,15.62,0
2.93,27.49,0
8.25,44.28,1
1.26,34.96,0
9.29,64.67,1
11.38,83.98,1
0.67,7.44,0
11.31,85.40,1
10.13,68.46,1
11.68,84.13,1
11.36,96.51,1
4.44,45.99,1
2.38,49.20,1
9.33,100.00,1
11.15,81.12,1
2.98,56.80,1
7.14,54.75,1
7.54,55.94,1
6.37,40.44,1
10.01,96.05,1
8.23,71.53,1
4.47,34.89,0
10.29,74.57,1
9.32,65.24,1
9.13,74.22,1
5.60,49.12,1
7.48,66.48,1
10.17,88.06,1
10.60,73.79,1
9.86,70.62,1
7.53,65.68,1
8.48,74.72,1
2.37,51.28,1
5.48,31.70,0
8.22,35.56,0
9.68,59.46,1
3.83,35.58,0
7.05,66.73,1
6.52,28.08,0
2.47,55.22,1
5.25,45.20,1
5.83,40.84,1
1.81,45.86,1
6.30,55.74,1
10.32,60.01,1
5.76,60.36,1
7.82,32.29,0
10.93,92.65,1
8.26,62.20,1
11.60,80.57,1
5.56,48.89,1
3.01,12.21,0
8.06,83.90,1
2.47,25.43,0
8.00,76.93,1
1.41,20.11,0
2.65,24.67,0
9.54,76.40,1
4.01,39.09,0
5.26,60.28,1
7.88,60.40,1
5.79,66.77,1
1.04,34.51,0
11.73,97.18,1
7.64,73.72,1
3.90,50.99,1
1.95,24.36,0
2.57,0.00,0
0.63,39.04,0
9.52,71.38,1
0.31,11.09,0
8.62,78.55,1
2.54,29.69,0
7.77,62.87,1
1.74,11.03,0
6.84,56.12,1
5.54,70.40,1
5.05,40.79,1
3.53,23.40,0
1.01,33.32,0
1.39,31.75,0
9.38,62.73,1
11.14,78.44,1
8.04,65.47,1
4.38,56.78,1
8.36,59.46,1
6.37,82.29,1
1.46,42.22,1
11.19,79.68,1
5.68,59.94,1
10.46,81.65,1
11.39,90.63,1
10.95,77.73,1
7.27,71.32,1
5.28,34.59,0
1.76,58.36,1
0.79,7.74,0
9.42,74.79,1
8.41,82.86,1
8.70,77.47,1
8.39,67.95,1
1.87,31.82,0
6.65,49.72,1
0.53,15.33,0
6.11,43.29,1
6.31,51.35,1
4.16,45.10,1
9.71,83.75,1
10.51,91.80,1
9.94,89.87,1
0.63,8.65,0
9.25,63.87,1
11.17,75.06,1
4.27,48.64,1
9.41,77.20,1
11.20,100.00,1
9.67,53.85,1
9.29,90.58,1
0.47,40.92,1
7.06,55.29,1
11.10,87.66,1
1.29,26.28,0
7.07,54.69,1
9.93,82.83,1
7.09,79.90,1
2.98,62.31,1
2.85,9.24,0
7.53,48.35,1
9.33,56.21,1
1.24,19.69,0
3.29,31.84,0
8.98,79.28,1
3.85,28.42,0
7.47,78.02,1
3.86,36.94,0
8.84,76.67,1
1.28,19.93,0
0.53,26.69,0
2.92,34.01,0
0.85,5.38,0
6.29,46.89,1
7.65,57.36,1
4.16,49.54,1
3.58,44.98,1
5.91,63.59,1
8.76,83.51,1
10.95,78.24,1
2.80,40.91,1
11.18,78.58,1
1.27,21.25,0
7.02,75.70,1
2.57,31.62,0
4.62,34.15,0
11.50,72.17,1
2.78,37.94,0
2.46,29.96,0
8.78,78.16,1
9.54,84.04,1
7.32,77.81,1
5.60,57.55,1
2.55,42.53,1
4.13,27.37,0
5.63,62.95,1
1.02,9.04,0
7.87,70.27,1
4.97,47.61,1
3.18,41.27,1
9.39,58.88,1
3.73,31.54,0
4.73,48.51,1
3.31,30.09,0
4.66,48.43,1
5.49,62.68,1
9.72,73.94,1
3.91,51.36,1
11.32,78.59,1
2.79,37.81,0
4.93,70.51,1
11.20,81.53,1
3.22,24.04,0
11.84,73.80,1
7.72,51.90,1
9.72,62.69,1
10.67,89.95,1
5.91,50.25,1
10.78,81.36,1
10.66,90.47,1
4.28,45.83,1
5.88,69.50,1
7.55,72.48,1
0.30,35.89,0
10.77,74.61,1
0.43,31.10,0
2.55,30.66,0
1.82,17.42,0
10.34,57.25,1
1.96,31.99,0
4.48,52.99,1
8.26,66.84,1
2.56,51.12,1
4.35,50.44,1
8.99,37.35,0
2.21,47.28,1
3.47,20.82,0
1.52,17.01,0
1.29,44.13,1
6.52,59.27,1
8.14,68.48,1
6.85,65.63,1
4.98,43.99,1
11.89,100.00,1
0.36,26.45,0
8.32,46.36,1
1.19,11.76,0
5.09,39.30,0
3.45,33.50,0
5.49,47.29,1
4.87,46.65,1
11.92,100.00,1
4.52,35.73,0
3.52,67.45,1
7.94,60.68,1
1.19,14.50,0
5.24,43.42,1
6.20,67.70,1
4.45,40.36,1
8.74,87.14,1
0.33,23.84,0
2.39,8.22,0
2.61,36.94,0
8.74,61.16,1
10.89,89.72,1
0.85,18.61,0
7.02,64.58,1
10.17,79.25,1
4.67,47.70,1
0.85,6.79,0
8.57,68.72,1
3.16,19.93,0
9.04,75.97,1
0.92,29.72,0
1.89,30.74,0
5.76,49.79,1
3.68,35.40,0
6.02,59.31,1
7.74,38.88,0
5.29,50.12,1
8.09,65.16,1
4.12,44.97,1
2.14,29.18,0
7.29,58.45,1
8.29,70.52,1
1.84,39.00,0
8.24,73.40,1
9.04,69.80,1
8.60,57.18,1
0.56,29.72,0
9.59,82.77,1
9.27,63.19,1
5.47,58.92,1
9.93,40.38,1
10.88,74.18,1
7.50,72.74,1
0.36,2.37,0
9.51,47.47,1
7.59,73.67,1
11.66,80.34,1
5.22,60.08,1
8.99,92.36,1
2.73,58.61,1
2.84,31.28,0
10.77,94.94,1
11.63,60.43,1
4.19,45.88,1
10.78,60.94,1
3.19,34.08,0
9.78,79.45,1
9.04,65.10,1
11.52,94.42,1
3.55,19.19,0
8.86,70.13,1
11.23,73.58,1
3.80,37.44,0
7.51,64.52,1
7.17,67.93,1
4.06,29.94,0
4.34,47.51,1
3.15,37.26,0
1.81,33.62,0
8.85,60.43,1
4.07,66.09,1
9.70,58.13,1
0.50,23.06,0
11.37,70.00,1
0.99,37.76,0
3.63,50.37,1
7.28,54.28,1
3.18,36.56,0
1.42,25.71,0
8.25,74.29,1
3.89,32.24,0
5.34,70.31,1
11.03,79.19,1
1.28,18.83,0
5.78,49.88,1
2.14,51.91,1
5.40,51.12,1
6.02,67.93,1
10.34,65.87,1
2.87,50.32,1
5.82,64.56,1
11.39,100.00,1
8.11,57.48,1
9.51,66.19,1
1.26,33.06,0
7.22,68.39,1
2.06,29.13,0
3.35,31.40,0
11.99,92.36,1
3.48,50.10,1
10.25,74.34,1
0.28,3.90,0
9.48,56.18,1
1.12,43.52,1
10.17,88.30,1
0.73,24.22,0
2.83,27.54,0
0.18,14.65,0
4.66,44.56,1
3.21,26.91,0
4.46,58.40,1
1.80,31.78,0
7.43,68.49,1
0.67,18.34,0
1.01,24.10,0
9.56,92.28,1
1.09,34.49,0
3.95,42.60,1
2.20,25.34,0
9.39,77.62,1
6.39,41.83,1
5.80,69.50,1
10.10,78.75,1
10.91,84.93,1
2.15,28.09,0
10.69,66.18,1
2.93,28.47,0
0.02,20.46,0
9.96,44.71,1
5.30,42.53,1
10.89,98.20,1
6.79,62.76,1
11.83,96.63,1
8.72,54.62,1
3.96,35.63,0
2.14,35.99,0
7.06,66.99,1
1.56,32.90,0
11.10,100.00,1
11.41,79.26,1
5.06,58.11,1
5.88,64.63,1
3.30,47.64,1
2.24,43.63,1
11.62,90.87,1
4.89,41.65,1
4.50,49.84,1
5.02,45.52,1
6.27,64.31,1
4.24,43.07,1
2.75,11.52,0
6.65,36.76,0
5.48,52.41,1
5.80,45.01,1
7.65,65.47,1
10.12,91.99,1
4.50,43.81,1
9.65,64.77,1
4.57,39.53,0
7.70,59.86,1
1.98,34.65,0
9.19,79.47,1
5.94,50.17,1
6.43,34.73,0
8.70,82.25,1
9.43,51.59,1
4.09,49.57,1
9.17,86.78,1
11.20,90.00,1
8.62,67.30,1
5.16,52.69,1
6.19,48.89,1
9.84,88.94,1
1.42,37.09,0
5.80,43.73,1
11.31,98.23,1
1.10,43.01,1
11.02,87.15,1
2.10,31.38,0
11.31,68.89,1
6.16,35.59,0
7.69,80.48,1
0.56,0.00,0
1.23,26.66,0
5.69,37.49,0
11.38,86.56,1
3.40,43.05,1
3.03,11.55,0
1.93,31.29,0
4.57,60.61,1
9.10,62.42,1
11.16,86.05,1
5.67,62.65,1
9.32,76.57,1
9.81,86.89,1
9.63,74.92,1
0.82,27.98,0
0.75,28.45,0
9.92,76.54,1
2.89,35.96,0
2.59,38.94,0
4.72,38.87,0
0.15,2.35,0
0.37,41.15,1
6.56,88.56,1
4.65,44.58,1
2.60,43.70,1
9.25,74.83,1
1.38,17.23,0
4.63,33.23,0
8.34,67.44,1
5.58,58.13,1
3.19,22.43,0
4.84,40.39,1
7.61,74.95,1
5.28,41.05,1
10.80,70.95,1
5.16,28.60,0
0.06,5.63,0
2.41,31.39,0
4.85,48.90,1
10.21,72.67,1
4.50,71.76,1
10.17,79.50,1
1.67,34.36,0
7.34,69.07,1
2.31,28.95,0
7.39,71.35,1
1.79,26.39,0
6.38,41.18,1
9.76,75.40,1
10.33,88.18,1
8.16,67.81,1
0.17,29.54,0
8.96,63.84,1
10.51,80.61,1
1.58,24.84,0
8.20,68.33,1
3.73,50.37,1
2.20,23.56,0
5.36,51.51,1
11.52,84.78,1
8.85,76.30,1
0.14,0.68,0
1.19,3.55,0
7.12,56.22,1
11.95,86.60,1
11.64,81.18,1
1.29,9.77,0
0.34,24.70,0
0.63,20.53,0
7.91,65.81,1
11.36,95.12,1
11.61,94.21,1
1.98,47.67,1
10.45,77.83,1
1.35,33.61,0
9.37,71.10,1
9.67,71.70,1
4.13,59.27,1
2.44,27.57,0
5.15,38.30,0
11.93,66.99,1
4.27,20.22,0
4.23,16.05,0
4.11,21.52,0
0.39,6.78,0
2.58,64.51,1
6.72,59.62,1
6.27,45.28,1
1.15,19.54,0
11.23,71.85,1
2.65,28.66,0
6.51,47.61,1
4.29,48.18,1
4.02,46.67,1
1.56,19.66,0
0.76,16.74,0
3.56,37.13,0
2.66,45.74,1
3.04,24.89,0
5.72,50.31,1
8.78,83.89,1
11.80,74.36,1
11.46,80.73,1
10.62,69.61,1
2.31,20.99,0
10.28,78.32,1
0.55,9.47,0
7.51,55.16,1
8.74,50.39,1
5.47,52.46,1
1.97,34.07,0
1.81,42.34,1
10.10,83.27,1
9.16,73.08,1
10.75,85.56,1
4.93,46.11,1
5.33,49.89,1
9.56,38.09,0
8.97,83.86,1
1.97,13.06,0
10.29,84.16,1
3.97,52.24,1
0.95,28.59,0
1.75,28.70,0
1.41,47.26,1
0.27,11.10,0
4.09,23.92,0
9.44,59.04,1
2.10,12.31,0
8.79,77.80,1
11.49,93.82,1
2.70,9.29,0
5.71,38.87,0
1.30,28.93,0
0.98,32.98,0
8.28,60.33,1
10.28,76.37,1
7.41,58.72,1
2.45,14.67,0
5.14,53.89,1
5.64,45.17,1
3.05,40.99,1
6.77,38.26,0
0.66,4.87,0
8.41,66.13,1
10.32,84.85,1
5.96,55.93,1
9.09,55.00,1
7.30,44.91,1
11.88,88.76,1
7.26,64.41,1
9.56,79.26,1
8.93,56.08,1
0.78,0.00,0
4.33,56.14,1
5.03,45.34,1
10.92,64.87,1
7.00,44.12,1
3.29,37.15,0
0.68,18.22,0
2.58,36.11,0
0.57,14.10,0
6.39,62.28,1
8.69,50.45,1
7.84,51.68,1
5.12,68.72,1
0.88,6.21,0
11.64,74.52,1
1.80,30.18,0
3.90,30.73,0
4.88,57.82,1
3.98,40.51,1
4.96,54.96,1
0.34,46.51,1
6.97,71.23,1
6.84,50.31,1
4.46,38.67,0
7.94,48.04,1
2.90,30.47,0
7.90,50.34,1
9.60,73.41,1
11.73,82.79,1
3.06,39.86,0
9.35,61.08,1
5.87,53.19,1
6.89,42.05,1
4.79,60.47,1
3.77,39.26,0
11.30,97.12,1
3.67,53.29,1
6.45,51.71,1
0.44,30.72,0
5.10,52.69,1
4.90,35.93,0
11.38,78.61,1
9.63,59.01,1
1.77,15.54,0
1.41,42.53,1
10.78,82.31,1
2.75,47.54,1
5.93,34.99,0
3.37,31.95,0
3.26,28.98,0
5.75,59.95,1
7.70,53.78,1
9.56,81.19,1
9.98,85.11,1
1.84,13.37,0
4.14,42.57,1
4.90,53.19,1
0.85,34.92,0
7.12,66.65,1
6.11,49.16,1
10.35,74.75,1
11.44,94.27,1
2.12,15.44,0
8.83,82.13,1
6.04,54.86,1
3.55,51.80,1
0.33,29.99,0
0.61,15.64,0
6.52,71.36,1
8.98,74.46,1
5.14,42.56,1
9.95,74.95,1
1.91,59.68,1
4.26,18.90,0
5.76,53.38,1
1.38,40.30,1
9.88,55.94,1
8.15,69.84,1
10.15,54.99,1
4.07,39.60,0
2.33,29.13,0
8.38,43.55,1
9.06,61.93,1
10.80,90.07,1
2.12,39.25,0
10.70,68.81,1
7.02,60.49,1
3.20,39.69,0
5.49,52.65,1
7.53,67.42,1
7.49,79.38,1
8.63,72.41,1
0.88,13.38,0
6.05,77.27,1
7.28,59.89,1
7.12,31.48,0
4.91,50.66,1
5.03,41.47,1
10.03,74.54,1
1.52,23.85,0
5.50,52.31,1
7.99,55.98,1
3.34,22.66,0
4.11,56.41,1
8.36,59.97,1
11.06,70.11,1
4.91,30.21,0
9.29,77.01,1
1.83,19.00,0
0.30,12.11,0
11.99,81.95,1
6.53,72.91,1
3.65,37.86,0
6.03,51.82,1
7.01,61.43,1
1.47,47.14,1
0.37,16.38,0
8.19,85.18,1
10.08,68.25,1
7.86,71.26,1
5.96,59.81,1
3.55,37.70,0
1.30,16.75,0
11.84,87.16,1
9.65,71.73,1
0.61,11.91,0
7.83,44.29,1
1.77,31.41,0
8.27,75.64,1
8.64,67.81,1
0.72,21.14,0
9.55,77.94,1
0.71,4.98,0
8.55,49.74,1
5.78,56.90,1
9.64,93.42,1
11.41,80.39,1
10.76,99.67,1
3.33,25.38,0
3.34,33.93,0
3.50,50.92,1
8.43,92.61,1
9.50,64.31,1
11.84,79.67,1
10.20,74.72,1
7.75,56.28,1
2.47,23.78,0
4.29,26.82,0
10.67,78.08,1
10.31,69.02,1
11.15,87.31,1
0.77,24.09,0
3.34,24.23,0
1.45,24.31,0
8.34,76.01,1
1.42,13.80,0
4.22,27.50,0
4.69,52.10,1
9.54,83.32,1
8.05,46.01,1
4.01,47.96,1
5.25,46.71,1
1.50,25.19,0
11.86,75.05,1
6.24,27.73,0
7.42,61.76,1
3.05,45.25,1
2.67,13.20,0
1.40,27.69,0
5.26,44.95,1
7.53,70.05,1
0.16,17.93,0
2.85,14.70,0
9.28,67.19,1
5.68,61.41,1
1.90,33.62,0
4.60,59.10,1
6.39,57.17,1
2.40,42.01,1
3.52,52.41,1
7.12,53.12,1
9.55,82.08,1
9.69,100.00,1
6.50,53.02,1
2.10,44.47,1
5.91,58.57,1
3.13,36.95,0
2.43,26.76,0
0.55,28.55,0
6.68,53.54,1
1.89,23.95,0
2.49,40.30,1
2.43,53.17,1
2.63,51.43,1
5.34,47.36,1
10.92,61.21,1
7.53,88.81,1
1.60,48.01,1
7.13,58.50,1
7.37,46.34,1
0.73,14.23,0
1.69,29.18,0
2.15,46.87,1
0.78,32.81,0
6.79,55.95,1
8.76,70.70,1
2.27,27.38,0
5.41,65.21,1
11.75,56.90,1
3.13,27.97,0
8.92,78.74,1
7.11,60.56,1
2.50,23.21,0
5.97,41.28,1
11.46,71.05,1
7.06,49.63,1
10.27,67.12,1
11.78,61.49,1
3.75,50.69,1
10.13,79.88,1
9.70,51.48,1
8.50,60.21,1
1.63,25.36,0
11.50,74.46,1
11.19,73.12,1
7.50,47.47,1
8.82,68.12,1
7.46,54.39,1
10.29,100.00,1
5.71,63.75,1
3.30,26.00,0
5.33,36.09,0
4.10,44.67,1
6.89,75.88,1
9.26,68.65,1
9.04,73.83,1
10.76,80.41,1
5.76,56.64,1
0.81,28.10,0
2.54,38.93,0
2.88,20.02,0
8.59,58.35,1
11.50,61.59,1
6.83,46.69,1
8.97,49.26,1
11.18,78.45,1
7.07,58.73,1
7.78,59.84,1
8.97,81.14,1
5.98,46.61,1
2.79,31.43,0
10.36,85.84,1
11.55,73.11,1
1.35,21.12,0
9.13,79.70,1
11.94,65.27,1
0.77,46.09,1
1.91,44.52,1
3.11,64.71,1
4.38,35.91,0
1.45,33.63,0
3.20,38.88,0
11.86,91.75,1
9.42,74.64,1
10.77,100.00,1
6.86,55.00,1
8.54,43.85,1
8.25,71.33,1
4.63,38.38,0
5.50,52.57,1
7.64,71.52,1
11.36,71.96,1
11.38,57.98,1
4.98,51.56,1
6.77,53.86,1
2.97,41.08,1
2.40,49.44,1
11.89,91.99,1
3.34,30.19,0
6.19,76.05,1
1.76,38.70,0
10.68,96.73,1
6.48,59.47,1
5.30,39.07,0
9.59,79.16,1
7.54,57.27,1
2.60,54.37,1
0.62,49.75,1
7.87,52.30,1
4.36,36.52,0
5.90,36.98,0
3.19,9.48,0
0.12,24.49,0
10.84,100.00,1
6.66,64.63,1
8.63,64.12,1
10.77,84.00,1
8.01,41.06,1
0.58,33.87,0
3.68,33.85,0
11.90,98.06,1
5.63,65.90,1
10.48,74.25,1
1.55,24.10,0
11.97,89.04,1
5.93,71.09,1
11.45,74.57,1
5.17,43.97,1
7.37,58.44,1
4.50,47.60,1
9.12,59.62,1
6.19,62.17,1
10.42,76.91,1
11.69,75.92,1
7.05,60.29,1
2.60,44.60,1
2.19,55.99,1
7.33,61.23,1
11.11,87.20,1
3.06,40.20,1
0.39,0.94,0
11.12,81.27,1
5.21,38.72,0
4.21,38.14,0
3.30,27.95,0
1.98,27.83,0
4.52,56.13,1
3.14,48.34,1
10.11,65.12,1
8.46,56.40,1
10.67,65.73,1
2.73,31.39,0
4.67,14.44,0
4.16,48.36,1
3.94,28.56,0
8.77,70.49,1
11.22,68.07,1
9.49,88.99,1
3.36,46.51,1
7.14,68.92,1
4.70,31.67,0
0.08,14.08,0
4.58,48.19,1
2.10,31.24,0
8.23,58.22,1
2.27,37.88,0
5.87,43.31,1
4.89,18.18,0
7.89,46.88,1
10.76,84.66,1
2.16,18.84,0
3.28,20.47,0
6.33,67.57,1
5.00,50.22,1
11.86,88.31,1
11.33,74.31,1
6.73,61.56,1
10.18,80.20,1
6.34,45.06,1
2.30,33.86,0
8.43,44.67,1
9.36,66.67,1
10.73,72.85,1
3.38,35.46,0
1.23,29.69,0
2.69,19.07,0
8.61,68.52,1
3.29,25.24,0
1.91,29.93,0
7.02,77.96,1
10.22,83.05,1
3.38,43.16,1
8.25,52.34,1
1.18,37.12,0
2.53,33.32,0
8.73,61.43,1
3.85,66.60,1
10.67,79.49,1
6.28,52.77,1
2.09,30.07,0
1.48,20.10,0
3.12,32.79,0
11.08,92.44,1
5.97,48.57,1
11.99,79.12,1
11.33,80.79,1
9.29,65.85,1
2.04,34.82,0
2.86,31.09,0
0.62,27.71,0
3.82,28.56,0
11.82,100.00,1
1.48,31.39,0
10.84,85.14,1
9.38,83.11,1
8.51,60.99,1
6.30,59.48,1
1.74,34.83,0
2.01,48.23,1
3.01,16.96,0
4.30,72.49,1
7.82,63.73,1
8.53,57.14,1
2.93,17.41,0
6.54,61.33,1
1.58,16.41,0
8.41,75.94,1
9.40,56.40,1
0.95,16.29,0
8.26,56.13,1
6.13,59.29,1
9.45,91.82,1
1.14,28.95,0
11.28,83.88,1
3.10,31.95,0
11.96,85.05,1
7.54,57.46,1
1.84,36.10,0
5.09,66.05,1
3.30,49.51,1
6.12,56.39,1
6.45,64.80,1
2.64,22.21,0
7.60,50.16,1
3.51,36.01,0
1.73,18.79,0
2.32,32.39,0
4.26,53.96,1
7.59,75.20,1
2.65,48.44,1
5.52,56.31,1
5.44,18.35,0
9.30,60.15,1
7.48,63.12,1
1.66,41.94,1
9.15,61.06,1
2.24,4.47,0
1.48,15.03,0
9.56,69.25,1
1.33,25.30,0
4.19,44.97,1
2.05,35.61,0
6.55,58.58,1
4.68,46.14,1
9.94,84.28,1
11.48,90.54,1
11.72,88.39,1
0.79,29.68,0
6.90,51.85,1
2.89,40.61,1
2.11,14.91,0
5.07,46.44,1
5.43,42.27,1
0.86,26.78,0
8.67,58.60,1
9.18,64.50,1
8.99,52.04,1
8.01,75.21,1
1.01,19.49,0
5.37,44.43,1
4.26,44.66,1
1.31,15.38,0
0.78,26.01,0
10.78,69.83,1
0.80,8.82,0
7.55,60.26,1
3.40,39.92,0
5.17,31.23,0
3.97,35.30,0
6.00,64.34,1
10.60,69.69,1
9.03,72.79,1
4.38,58.40,1
4.17,56.03,1
8.34,53.52,1
4.09,68.64,1
5.67,45.09,1
1.82,26.10,0
1.25,12.55,0
0.78,48.71,1
4.24,35.57,0
3.50,41.46,1
9.20,62.95,1
9.86,74.80,1
7.89,74.73,1
0.74,23.34,0
4.84,51.17,1
10.32,85.42,1
0.81,26.69,0
5.16,34.15,0
0.50,0.00,0
8.42,70.27,1
11.44,100.00,1
10.40,71.35,1
8.27,71.67,1
8.86,59.33,1
7.15,61.05,1
0.67,21.97,0
0.66,17.25,0
9.09,83.45,1
11.08,89.02,1
9.91,83.66,1
4.35,63.35,1
1.10,52.50,1
11.13,87.97,1
10.01,69.93,1
8.14,55.99,1
7.87,63.88,1
3.03,40.59,1
8.64,71.65,1
0.37,0.00,0
5.45,45.14,1
1.38,43.86,1
8.16,62.79,1
4.00,37.94,0
9.35,79.28,1
3.41,30.77,0
9.16,58.66,1
0.03,30.59,0
10.28,93.57,1
4.18,57.01,1
4.97,62.73,1
3.98,31.26,0
11.84,91.72,1
8.55,51.49,1
10.84,96.40,1
10.38,60.03,1
4.87,43.84,1
7.46,74.12,1
11.90,100.00,1
0.56,29.50,0
9.67,80.09,1
3.16,46.56,1
8.54,75.97,1
2.04,59.81,1
5.82,67.17,1
7.55,75.15,1
1.13,22.45,0
8.18,64.17,1
7.07,46.52,1
6.92,51.59,1
2.29,40.66,1
5.53,24.56,0
0.45,37.59,0
11.24,71.76,1
6.34,48.85,1
6.44,62.27,1
5.18,49.58,1
6.23,54.34,1
4.12,65.87,1
2.42,37.77,0
10.33,83.99,1
6.61,69.68,1
5.86,62.42,1
8.03,70.44,1
10.52,87.77,1
7.83,85.50,1
4.40,65.61,1
0.32,15.85,0
5.88,52.80,1
10.30,72.23,1
1.95,34.17,0
4.34,52.23,1
5.37,42.51,1
7.75,58.55,1
2.70,40.04,1
8.10,40.00,0
1.86,25.55,0
9.42,68.53,1
4.21,49.14,1
4.37,49.73,1
5.33,65.01,1
2.47,26.28,0
10.11,66.77,1
8.19,76.34,1
9.55,70.59,1
9.55,67.02,1
11.67,79.03,1
5.88,59.20,1
4.29,34.76,0
4.61,41.76,1
7.43,58.77,1
5.08,29.97,0
9.03,73.30,1
8.61,77.03,1
5.72,37.76,0
11.98,98.37,1
11.83,100.00,1
2.24,16.22,0
4.11,40.13,1
7.61,61.88,1
5.81,56.64,1
2.12,32.43,0
11.84,82.63,1
2.17,14.52,0
7.75,73.70,1
8.55,68.62,1
3.61,53.36,1
4.48,51.85,1
9.30,86.68,1
5.62,57.78,1
9.93,88.60,1
3.38,34.53,0
9.80,81.48,1
3.63,20.67,0
3.94,45.50,1
5.27,61.52,1
6.74,61.00,1
4.84,54.81,1
6.66,74.16,1
0.36,37.36,0
9.66,77.52,1
9.67,67.76,1
10.34,78.26,1
9.48,56.11,1
3.33,34.80,0
2.86,40.28,1
3.82,33.07,0
4.14,48.04,1
4.36,44.43,1
2.43,35.15,0
2.80,33.73,0
9.62,56.12,1
11.13,89.73,1
8.06,72.78,1
0.42,27.10,0
2.83,39.37,0
11.25,87.15,1
9.89,76.75,1
10.51,78.73,1
6.34,59.86,1
10.87,79.55,1
4.70,26.57,0
8.61,74.10,1
6.59,81.05,1
9.82,75.77,1
4.32,40.51,1
0.05,24.45,0
1.44,29.99,0
7.26,57.07,1
11.24,59.86,1
5.26,48.87,1
0.99,31.97,0
0.53,25.06,0
1.66,23.39,0
5.11,60.37,1
10.08,66.40,1
8.05,67.27,1
6.49,76.48,1
5.43,34.75,0
6.60,67.13,1
9.62,62.39,1
0.12,12.80,0
7.84,64.28,1
7.94,69.32,1
5.19,52.31,1
0.94,23.48,0
11.90,77.75,1
1.10,18.67,0
1.76,17.37,0
1.01,19.99,0
9.68,82.42,1
5.68,56.91,1
5.60,52.94,1
3.56,40.40,1
4.15,33.54,0
6.29,60.86,1
5.29,63.14,1
11.09,87.73,1
6.53,49.13,1
9.77,65.22,1
0.53,1.22,0
8.40,97.00,1
7.61,70.40,1
6.34,74.30,1
1.23,11.42,0
0.23,31.40,0
0.98,28.40,0
6.98,54.57,1
1.93,15.48,0
11.29,82.29,1
5.41,49.89,1
9.40,96.39,1
8.13,69.59,1
6.83,48.97,1
5.30,55.37,1
0.97,28.81,0
10.15,79.96,1
5.74,50.75,1
10.78,84.80,1
4.01,55.68,1
4.28,44.87,1
2.47,45.09,1
10.88,82.84,1
9.18,66.74,1
6.64,58.96,1
4.18,51.55,1
7.05,61.24,1
8.25,63.01,1
5.78,32.93,0
9.60,75.40,1
8.62,48.70,1
6.93,79.97,1
5.01,38.95,0
5.00,39.74,0
2.73,31.53,0
9.65,90.98,1
9.95,65.73,1
2.56,30.58,0
1.04,13.81,0
8.16,76.01,1
9.79,51.09,1
10.31,69.17,1
3.99,41.59,1
8.11,65.50,1
10.05,70.93,1
5.39,22.10,0
6.73,48.35,1
8.14,75.94,1
6.50,38.27,0
2.93,24.60,0
9.18,72.07,1
9.31,80.25,1
7.95,54.20,1
10.73,76.96,1
5.01,53.74,1
3.74,41.27,1
8.08,68.11,1
10.96,82.60,1
8.62,71.97,1
4.14,39.22,0
8.62,51.80,1
8.73,66.96,1
6.64,62.23,1
9.10,72.06,1
7.23,68.00,1
0.44,18.73,0
8.98,75.10,1
2.47,31.98,0
10.03,76.09,1
11.97,42.65,1
11.79,87.00,1
2.34,21.40,0
6.56,44.99,1
8.75,87.32,1
7.73,72.29,1
6.74,64.60,1
0.31,17.95,0
1.42,25.37,0
0.87,19.93,0
1.83,20.60,0
6.86,33.98,0
11.35,66.12,1
9.45,57.89,1
1.71,45.59,1
11.44,97.90,1
11.02,87.80,1
5.02,51.66,1
0.78,21.93,0
1.09,30.51,0
3.21,42.48,1
0.07,39.81,0
9.42,84.57,1
4.69,37.38,0
1.05,45.09,1
5.99,54.55,1
0.53,1.00,0
0.54,18.30,0
5.83,41.23,1
6.19,58.44,1
7.25,70.07,1
10.34,90.92,1
4.93,46.75,1
9.24,50.17,1
3.96,43.93,1
11.07,95.37,1
4.16,62.48,1
2.92,33.18,0
2.44,41.00,1
5.65,62.54,1
1.33,22.59,0
11.53,83.72,1
2.29,50.66,1
2.65,43.35,1
8.20,73.51,1
3.89,40.17,1
7.03,51.93,1
10.09,59.82,1
10.68,76.36,1
5.31,49.30,1
2.07,37.90,0
5.55,40.60,1
4.16,21.81,0
7.28,37.89,0
10.05,53.47,1
2.89,27.86,0
4.04,57.02,1
5.51,41.26,1
3.06,34.39,0
3.58,47.71,1
6.69,54.52,1
2.02,33.56,0
7.22,47.73,1
7.88,62.40,1
7.21,73.17,1
11.49,84.76,1
8.17,58.66,1
4.00,23.19,0
3.88,46.22,1
3.44,55.55,1
10.48,79.99,1
2.95,42.19,1
2.84,18.35,0
4.53,68.63,1
1.86,31.81,0
10.46,84.93,1
10.95,83.61,1
6.35,55.75,1
9.12,67.26,1
9.67,74.36,1
6.88,60.76,1
7.03,46.87,1
7.80,42.05,1
4.73,61.70,1
5.33,70.14,1
10.60,84.40,1
5.87,38.80,0
9.24,80.04,1
11.52,83.94,1
7.41,51.20,1
5.98,52.23,1
3.30,31.09,0
3.09,32.99,0
10.18,71.19,1
9.99,69.65,1
8.73,86.44,1
6.49,70.35,1
11.70,89.76,1
4.74,67.99,1
10.93,60.90,1
10.47,90.37,1
10.43,92.73,1
11.35,86.15,1
4.71,61.58,1
6.74,53.99,1
4.11,40.55,1
1.06,26.29,0
0.58,25.27,0
9.03,66.20,1
6.87,51.74,1
2.65,21.35,0
8.80,69.61,1
4.98,50.07,1
6.64,66.96,1
8.45,89.15,1
11.35,66.93,1
4.24,36.77,0
4.84,44.32,1
1.86,30.68,0
2.48,47.82,1
0.78,0.00,0
2.65,37.47,0
7.77,51.04,1
6.16,51.68,1
11.39,89.38,1
7.01,40.26,1
0.03,23.13,0
5.09,37.23,0
7.94,52.98,1
0.10,0.00,0
6.75,51.83,1
9.09,79.48,1
10.26,73.80,1
9.39,39.22,0
5.52,43.05,1
10.21,86.62,1
4.27,35.32,0
10.95,67.63,1
10.52,78.23,1
5.22,58.76,1
3.72,27.77,0
0.20,42.45,1
10.01,85.96,1
10.74,91.93,1
10.06,59.90,1
8.92,51.34,1
5.64,44.03,1
11.83,85.96,1
4.17,34.48,0
0.56,43.08,1
8.08,70.22,1
5.33,61.37,1
6.69,49.43,1
7.04,52.25,1
5.53,26.15,0
11.19,79.02,1
5.49,43.99,1
11.77,79.21,1
8.85,63.87,1
5.39,41.31,1
9.25,76.00,1
3.40,38.26,0
7.79,77.92,1
10.40,68.25,1
7.59,56.31,1
5.79,51.97,1
9.02,75.90,1
1.26,27.04,0
8.03,77.42,1
9.05,87.98,1
10.48,83.91,1
7.58,71.21,1
6.95,41.75,1
11.88,86.78,1
7.43,65.43,1
6.20,49.94,1
6.00,54.39,1
10.53,80.60,1
11.23,80.95,1
3.03,33.84,0
1.15,12.64,0
7.19,67.45,1
1.55,28.06,0
6.44,54.64,1
2.40,28.44,0
6.81,41.09,1
8.34,85.67,1
4.90,37.10,0
7.32,60.83,1
8.39,58.54,1
11.42,54.02,1
10.79,65.83,1
4.54,49.59,1
10.62,97.30,1
1.95,0.00,0
3.91,54.65,1
5.34,60.67,1
3.72,37.68,0
1.05,19.43,0
6.82,68.38,1
10.97,80.90,1
3.01,25.82,0
3.07,36.50,0
6.32,41.06,1
1.87,23.29,0
6.32,21.33,0
0.71,6.41,0
11.00,93.67,1
3.96,47.08,1
1.49,26.81,0
10.27,62.38,1
11.39,94.98,1
11.55,80.10,1
7.97,57.91,1
5.95,67.26,1
10.35,68.70,1
5.06,50.24,1
9.55,50.74,1
11.57,89.07,1
3.87,74.30,1
7.72,66.50,1
5.12,39.16,0
5.45,48.15,1
4.02,42.73,1
3.55,32.81,0
9.24,81.79,1
9.82,64.09,1
3.45,31.15,0
1.43,26.93,0
0.16,13.08,0
9.13,87.19,1
3.32,52.83,1
0.10,22.67,0
8.60,53.41,1
7.98,69.58,1
7.46,75.03,1
1.21,23.03,0
1.69,14.27,0
4.07,41.53,1
8.77,87.41,1
4.44,45.92,1
5.87,51.28,1
4.63,40.67,1
11.98,68.55,1
6.92,61.98,1
9.81,90.25,1
6.77,48.93,1
11.13,72.45,1
8.33,72.43,1
7.58,54.29,1
8.74,49.86,1
4.68,46.90,1
0.23,11.77,0
5.16,38.22,0
10.67,85.06,1
5.21,53.78,1
1.90,20.23,0
11.28,85.39,1
0.66,1.56,0
7.04,53.99,1
10.91,80.57,1
3.61,10.06,0
11.54,83.09,1
9.84,56.52,1
0.45,26.41,0
10.35,89.02,1
4.11,49.73,1
3.73,48.61,1
6.23,49.54,1
4.57,38.29,0
3.03,24.85,0
9.25,67.09,1
5.92,61.46,1
5.76,46.92,1
7.90,85.37,1
3.39,38.11,0
0.46,53.88,1
11.01,89.04,1
2.19,22.41,0
11.90,60.75,1
9.95,68.20,1
3.18,39.57,0
2.92,17.93,0
7.17,46.84,1
11.26,100.00,1
2.40,46.87,1
3.45,32.21,0
4.56,35.34,0
0.27,40.37,1
10.85,89.93,1
3.23,16.40,0
5.72,54.43,1
1.04,23.83,0
7.17,73.38,1
10.42,90.67,1
10.64,89.82,1
8.06,67.93,1
1.83,51.15,1
4.44,56.18,1
3.43,42.60,1
4.39,49.19,1
6.20,62.17,1
8.11,66.74,1
7.75,54.93,1
3.57,23.70,0
10.81,58.46,1
5.71,55.43,1
9.43,72.21,1
3.27,38.48,0
7.36,47.57,1
11.53,98.26,1
4.28,33.83,0
10.40,87.00,1
10.30,98.10,1
2.05,48.88,1
0.61,23.87,0
2.68,24.99,0
2.92,44.51,1
5.92,53.89,1
4.68,51.90,1
9.90,64.93,1
11.74,79.71,1
7.35,53.73,1
5.25,57.85,1
10.25,93.14,1
1.33,14.66,0
9.23,69.18,1
7.53,69.61,1
6.31,59.58,1
6.03,48.26,1
5.17,61.47,1
8.05,36.31,0
5.38,43.03,1
11.72,90.49,1
0.05,21.01,0
3.34,36.73,0
11.45,78.02,1
6.20,63.97,1
1.36,12.64,0
6.33,60.83,1
2.72,42.98,1
4.19,41.67,1
10.15,84.20,1
1.88,63.36,1
8.71,45.28,1
2.95,54.50,1
0.68,24.88,0
6.88,39.55,0
1.39,19.82,0
6.03,62.63,1
5.76,49.32,1
11.62,89.67,1
8.23,59.80,1
9.57,67.92,1
7.60,62.16,1
3.83,51.09,1
7.94,64.50,1
4.23,32.46,0
7.83,90.86,1
1.47,25.89,0
3.77,33.66,0
6.28,25.28,0
10.55,51.05,1
4.06,33.88,0
7.58,54.31,1
11.26,68.85,1
2.89,23.15,0
4.16,53.55,1
9.94,69.23,1
2.52,28.73,0
2.62,41.96,1
11.86,77.94,1
3.96,38.39,0
0.54,35.74,0
8.89,50.02,1
4.80,55.69,1
8.58,67.37,1
2.30,43.70,1
11.36,84.36,1
11.57,85.62,1
0.15,10.23,0
0.10,37.31,0
6.24,41.54,1
2.81,39.95,0
1.98,11.64,0
10.55,75.64,1
9.80,77.77,1
7.40,66.44,1
6.15,45.81,1
9.51,95.35,1
7.56,73.98,1
0.30,12.36,0
11.27,93.26,1
1.62,25.54,0
4.15,53.41,1
11.92,100.00,1
8.42,83.56,1
2.85,48.12,1
7.61,61.96,1
5.82,67.00,1
9.48,72.79,1
0.77,25.99,0
11.63,100.00,1
9.89,73.04,1
4.83,27.70,0
1.40,43.75,1
6.36,58.45,1
3.58,46.20,1
10.90,81.25,1
10.98,78.41,1
7.38,67.70,1
9.38,78.04,1
0.79,45.43,1
11.27,74.16,1
0.81,15.44,0
1.57,8.51,0
11.50,66.70,1
7.76,91.71,1
4.41,32.86,0
5.64,45.27,1
6.11,34.87,0
2.72,37.17,0
0.44,36.55,0
10.00,85.25,1
0.14,9.03,0
2.80,47.77,1
8.53,55.84,1
1.56,13.85,0
10.79,73.98,1
4.74,36.68,0
7.45,51.39,1
2.18,29.60,0
5.27,36.26,0
4.07,51.32,1
6.38,70.50,1
0.47,5.15,0
2.61,31.99,0
0.53,36.14,0
1.76,30.67,0
9.34,61.42,1
11.57,90.88,1
5.79,50.57,1
9.31,66.50,1
7.46,59.90,1
7.76,59.98,1
0.69,47.27,1
10.00,75.42,1
9.39,77.14,1
6.24,61.93,1
11.15,72.60,1
9.12,80.00,1
5.65,50.78,1
8.30,74.63,1
6.66,55.21,1
2.47,39.02,0
10.09,92.02,1
3.99,29.38,0
2.80,27.36,0
2.22,24.03,0
1.53,18.16,0
0.98,23.87,0
6.82,58.60,1
6.04,55.02,1
0.20,21.60,0
2.94,12.11,0
8.04,63.84,1
1.88,28.34,0
3.27,51.92,1
5.54,55.63,1
4.83,53.62,1
4.92,31.57,0
10.46,65.71,1
11.23,100.00,1
5.88,73.49,1
8.46,89.64,1
10.10,73.10,1
1.29,19.51,0
0.69,36.32,0
1.88,26.50,0
10.28,54.02,1
9.24,79.26,1
11.28,85.15,1
4.85,36.04,0
8.34,49.69,1
10.53,86.05,1
4.28,49.44,1
11.14,70.79,1
3.94,44.86,1
10.64,100.00,1
7.13,48.30,1
6.28,36.57,0
6.50,57.68,1
1.04,21.42,0
11.69,86.70,1
4.69,38.47,0
9.09,72.25,1
2.81,39.61,0
2.94,55.32,1
1.05,31.11,0
7.85,51.50,1
0.97,17.49,0
10.85,91.64,1
6.89,54.71,1
2.01,20.30,0
0.84,17.99,0
7.74,62.38,1
1.58,27.84,0
10.49,79.62,1
0.13,22.64,0
1.48,9.82,0
1.55,25.81,0
9.43,94.01,1
4.13,48.49,1
9.78,70.17,1
6.73,61.42,1
0.41,3.04,0
10.18,68.29,1
4.67,59.67,1
6.02,41.05,1
2.24,23.92,0
1.41,27.73,0
3.73,57.42,1
11.47,73.51,1
2.89,40.07,1
3.72,36.85,0
10.13,69.00,1
0.53,6.51,0
11.34,77.20,1
10.40,68.43,1
8.41,58.43,1
9.35,70.16,1
6.33,58.02,1
10.59,85.10,1
2.36,36.28,0
3.98,57.95,1
11.09,78.64,1
3.85,46.92,1
1.83,38.62,0
0.31,18.67,0
1.22,17.54,0
2.59,39.32,0
10.26,64.26,1
5.85,43.85,1
11.62,93.52,1
3.38,42.76,1
2.22,53.02,1
11.49,89.27,1
9.64,72.10,1
7.90,64.99,1
0.78,21.29,0
2.45,16.36,0
5.91,66.87,1
6.25,23.24,0
11.21,76.11,1
4.78,33.07,0
0.78,19.84,0
1.90,23.34,0
6.23,48.36,1
6.77,44.80,1
1.10,34.37,0
3.48,34.86,0
6.59,79.40,1
8.46,51.87,1
4.42,31.77,0
8.72,78.23,1
6.22,75.03,1
9.68,70.15,1
10.21,74.92,1
9.49,85.63,1
7.81,53.27,1
9.60,69.35,1
9.35,57.47,1
5.76,68.55,1
0.65,40.32,1
2.27,32.34,0
5.17,60.76,1
8.17,82.08,1
10.63,73.25,1
8.22,60.05,1
5.79,40.03,1
2.66,15.15,0
6.66,46.41,1
8.68,59.90,1
10.53,79.83,1
5.19,46.60,1
1.27,9.98,0
11.09,74.48,1
6.82,51.77,1
11.29,70.78,1
5.78,80.25,1
2.72,32.23,0
4.52,32.67,0
4.19,30.84,0
9.43,86.16,1
5.78,55.04,1
6.49,75.38,1
7.90,68.30,1
10.46,83.63,1
0.15,15.95,0
0.21,25.11,0
5.73,49.02,1
9.07,66.75,1
3.54,42.63,1
0.56,38.08,0
0.10,33.84,0
5.19,33.19,0
4.88,37.43,0
1.47,25.07,0
3.85,36.25,0
10.22,66.07,1
10.57,73.76,1
1.50,34.63,0
2.76,38.82,0
7.76,81.08,1
10.57,72.62,1
4.72,41.67,1
7.11,53.32,1
6.02,45.27,1
11.33,95.22,1
6.41,52.04,1
2.39,35.31,0
2.34,20.38,0
7.87,62.40,1
9.25,66.91,1
11.04,64.88,1
6.47,51.64,1
10.37,98.82,1
5.73,67.08,1
2.46,41.07,1
9.04,85.98,1
3.15,52.57,1
8.67,62.70,1
8.27,55.65,1
5.41,64.58,1
0.66,19.89,0
5.64,49.44,1
1.88,37.46,0
1.99,33.07,0
5.11,51.93,1
11.08,95.04,1
5.10,42.94,1
6.96,49.30,1
1.59,20.11,0
5.30,35.59,0
3.57,53.81,1
2.48,48.77,1
7.76,40.06,1
11.67,66.08,1
5.89,55.70,1
7.35,64.53,1
2.08,43.68,1
8.72,70.30,1
10.99,60.36,1
6.56,71.86,1
8.95,66.76,1
4.84,62.75,1
0.03,15.87,0
10.79,95.40,1
11.08,99.70,1
9.15,55.69,1
4.66,39.75,0
2.01,14.73,0
9.19,73.82,1
6.05,51.71,1
5.39,41.75,1
0.82,33.33,0
9.84,51.69,1
4.61,66.28,1
2.88,24.26,0
7.18,59.51,1
10.90,100.00,1
4.15,40.80,1
7.03,55.89,1
5.64,46.99,1
4.22,32.28,0
11.02,94.30,1
8.29,76.99,1
4.33,45.92,1
11.21,97.18,1
3.37,44.47,1
10.63,75.36,1
6.55,58.72,1
10.79,73.38,1
3.11,43.42,1
2.18,38.33,0
4.68,51.53,1
1.82,23.93,0
5.01,52.71,1
1.37,29.97,0
7.87,56.11,1
10.94,72.39,1
7.22,56.48,1
5.34,61.24,1
0.98,23.54,0
4.01,33.84,0
1.99,40.83,1
8.33,55.13,1
8.39,70.10,1
2.76,37.43,0
9.48,69.39,1
0.08,32.13,0
10.63,84.37,1
2.40,55.57,1
8.50,68.01,1
1.67,18.48,0
3.12,53.79,1
3.84,20.35,0
5.92,76.37,1
1.46,18.26,0
5.44,56.56,1
1.18,33.02,0
5.80,68.84,1
11.52,100.00,1
4.02,42.75,1
2.62,50.80,1
8.01,73.92,1
7.33,49.20,1
6.78,48.38,1
8.26,67.65,1
9.62,69.55,1
4.79,41.51,1
11.78,86.48,1
7.20,53.82,1
7.63,67.88,1
2.81,44.96,1
4.66,59.84,1
9.03,100.00,1
1.90,18.63,0
6.09,52.34,1
11.09,66.12,1
0.96,24.35,0
9.11,70.50,1
5.06,53.17,1
0.37,27.45,0
0.81,25.58,0
10.30,65.27,1
5.76,57.16,1
10.08,59.99,1
4.02,42.78,1
3.91,51.54,1
8.83,63.81,1
8.54,67.59,1
1.05,26.12,0
7.77,73.07,1
8.10,55.03,1
3.90,61.47,1
3.12,42.27,1
6.12,49.37,1
2.75,20.15,0
2.07,25.93,0
3.26,45.72,1
6.09,40.48,1
2.91,35.13,0
11.90,84.03,1
5.01,50.69,1
10.77,57.73,1
9.29,78.94,1
3.51,32.33,0
9.69,62.86,1
11.44,68.76,1
2.70,38.39,0
6.94,71.19,1
11.72,78.42,1
9.19,69.09,1
6.08,37.33,0
2.73,34.69,0
6.09,53.98,1
9.79,99.68,1
5.56,49.15,1
10.58,79.85,1
10.24,75.53,1
0.89,8.21,0
5.32,60.36,1
0.91,20.15,0
0.00,16.47,0
7.61,40.06,1
6.13,53.88,1
0.19,32.79,0
0.43,31.08,0
1.45,31.98,0
8.94,49.89,1
4.16,47.33,1
2.29,19.68,0
4.12,35.23,0
10.40,81.80,1
0.10,15.30,0
6.45,63.43,1
3.42,32.27,0
2.87,37.05,0
10.54,66.30,1
6.57,62.78,1
6.42,58.13,1
5.08,68.75,1
1.90,9.39,0
7.00,57.34,1
8.56,82.02,1
8.44,78.05,1
8.72,86.59,1
6.67,54.67,1
11.79,92.04,1
0.01,27.51,0
3.84,51.18,1
0.57,7.28,0
10.02,66.04,1
2.35,46.56,1
3.55,39.71,0
10.02,79.78,1
1.56,21.36,0
9.16,81.45,1
7.69,83.35,1
1.75,41.04,1
7.81,74.13,1
5.90,64.89,1
6.91,80.67,1
5.36,51.48,1
11.50,78.67,1
0.12,12.42,0
2.47,24.58,0
2.17,56.15,1
2.82,46.20,1
5.40,34.65,0
6.00,46.46,1
8.54,64.32,1
1.85,38.91,0
1.13,30.47,0
7.52,53.93,1
6.54,43.02,1
10.43,80.75,1
3.80,40.07,1
9.31,67.49,1
5.68,75.76,1
3.50,51.31,1
9.36,73.87,1
6.73,77.32,1
8.55,76.48,1
11.04,83.62,1
1.49,41.57,1
7.28,47.65,1
2.82,41.04,1
0.59,29.73,0
10.08,68.78,1
2.24,30.50,0
0.34,23.31,0
2.07,30.18,0
0.35,22.76,0
9.64,87.26,1
3.04,36.64,0
6.19,46.60,1
10.92,91.99,1
0.60,11.32,0
10.91,71.40,1
8.47,33.35,0
10.20,77.32,1
6.18,60.62,1
10.80,95.49,1
11.02,81.64,1
11.46,91.15,1
9.48,79.25,1
7.85,72.72,1
7.50,52.81,1
2.37,34.28,0
7.40,61.25,1
5.58,42.91,1
0.30,16.10,0
4.16,47.81,1
9.64,73.98,1
7.27,42.62,1
8.95,42.40,1
9.93,77.30,1
0.77,25.06,0
10.75,57.51,1
7.03,49.69,1
3.36,27.94,0
4.59,35.51,0
7.79,40.15,1
11.58,77.65,1
4.35,19.40,0
8.53,84.49,1
4.19,47.03,1
10.66,96.20,1
5.84,57.51,1
5.66,57.67,1
5.27,52.96,1
9.99,89.81,1
3.80,30.30,0
10.99,77.43,1
7.07,45.03,1
10.83,91.34,1
8.41,82.26,1
1.04,17.59,0
4.64,72.77,1
6.83,43.56,1
4.38,37.62,0
8.15,80.20,1
9.25,60.76,1
4.60,40.88,1
8.04,72.58,1
7.20,65.12,1
8.86,79.52,1
2.29,26.18,0
8.37,80.92,1
7.20,46.25,1
2.76,42.01,1
4.50,38.58,0
5.45,53.54,1
11.85,84.02,1
6.12,51.65,1
2.68,26.12,0
6.45,38.02,0
1.79,41.86,1
0.53,24.68,0
2.54,48.94,1
1.48,27.63,0
2.85,52.60,1
3.72,53.70,1
0.75,29.20,0
11.93,92.58,1
6.39,46.61,1
1.96,30.60,0
9.16,82.13,1
11.84,57.30,1
9.53,72.80,1
7.21,70.94,1
3.66,34.77,0
5.60,60.06,1
0.67,17.98,0
11.65,73.87,1
3.72,53.56,1
5.05,49.93,1
3.53,12.31,0
7.45,70.97,1
11.17,85.26,1
2.96,38.22,0
0.37,17.58,0
7.28,80.01,1
10.87,82.00,1
3.36,42.59,1
9.49,77.52,1
1.87,48.05,1
11.67,94.10,1
4.09,29.87,0
3.09,54.85,1
7.37,69.71,1
11.94,92.53,1
5.85,61.06,1
7.28,43.77,1
0.96,4.71,0
10.41,71.31,1
6.66,65.51,1
4.23,43.98,1
2.81,20.67,0
6.05,45.56,1
6.87,32.48,0
11.27,70.97,1
8.93,68.67,1
3.54,40.74,1
9.15,55.16,1
2.37,45.14,1
1.77,13.26,0
0.55,34.86,0
0.65,20.66,0
10.76,82.64,1
0.12,0.00,0
7.72,68.32,1
5.03,45.97,1
5.86,90.61,1
7.95,71.82,1
10.64,75.41,1
1.36,46.67,1
8.70,100.00,1
7.45,66.53,1
6.86,30.83,0
7.32,68.19,1
4.10,44.43,1
4.24,48.61,1
6.28,47.26,1
11.36,68.25,1
2.17,49.70,1
10.18,82.37,1
4.22,48.33,1
10.82,68.53,1
8.16,69.51,1
7.25,66.16,1
11.04,77.90,1
8.24,43.55,1
7.05,70.77,1
6.68,50.68,1
6.67,95.82,1
5.26,38.49,0
7.06,79.03,1
10.68,98.44,1
9.17,65.28,1
6.15,57.25,1
1.88,40.70,1
8.99,88.11,1
8.50,92.36,1
9.66,92.47,1
8.18,64.54,1
0.20,28.36,0
11.57,67.39,1
4.98,36.98,0
11.60,71.94,1
9.69,81.67,1
2.01,14.69,0
3.95,37.11,0
4.81,51.45,1
11.49,94.77,1
10.59,65.66,1
4.77,37.08,0
1.25,23.14,0
1.88,14.19,0
2.42,32.10,0
9.30,75.46,1
10.25,80.26,1
11.18,52.73,1
5.18,38.40,0
0.88,40.58,1
7.44,51.22,1
3.56,37.15,0
4.01,47.95,1
8.88,60.78,1
10.25,69.84,1
1.13,40.27,1
0.35,8.83,0
2.42,29.54,0
1.96,4.75,0
11.73,80.19,1
8.24,91.91,1
6.16,41.37,1
3.47,30.73,0
9.25,62.36,1
2.40,29.50,0
7.15,49.79,1
4.42,34.29,0
0.27,29.34,0
0.66,13.60,0
9.27,87.08,1
3.41,20.46,0
5.96,68.13,1
9.28,79.90,1
0.37,26.98,0
9.57,60.86,1
7.53,54.96,1
5.69,63.84,1
11.48,53.36,1
8.18,82.38,1
9.95,69.42,1
9.16,73.27,1
4.55,42.26,1
8.57,83.02,1
10.21,75.33,1
4.63,26.90,0
7.62,40.78,1
10.59,84.31,1
8.99,66.08,1
1.72,18.26,0
4.24,44.28,1
3.56,57.99,1
1.02,36.47,0
9.99,82.94,1
4.87,47.70,1
8.29,59.53,1
11.76,100.00,1
4.07,42.02,1
8.06,94.07,1
0.33,3.71,0
4.14,36.34,0
4.48,42.08,1
6.21,59.35,1
4.50,39.92,0
5.39,44.41,1
5.37,27.01,0
10.91,81.36,1
7.99,70.17,1
6.53,79.84,1
9.20,59.97,1
0.92,25.21,0
2.79,23.31,0
1.65,46.33,1
1.06,24.74,0
2.64,39.32,0
8.05,56.99,1
2.89,24.89,0
6.29,31.68,0
1.31,49.95,1
3.99,59.76,1
5.77,42.97,1
11.34,68.46,1
8.71,81.14,1
8.90,62.40,1
3.92,54.59,1
0.62,65.71,1
4.71,44.73,1
4.61,46.40,1
10.24,72.55,1
4.61,34.03,0
0.91,35.48,0
0.71,45.62,1
2.38,23.10,0
4.59,25.07,0
8.31,53.33,1
6.03,61.75,1
6.58,50.74,1
4.00,33.44,0
4.87,47.91,1
9.24,71.71,1
11.99,88.12,1
11.36,56.69,1
6.40,46.93,1
1.61,4.52,0
7.38,73.88,1
2.70,39.71,0
2.74,23.99,0
11.21,87.93,1
3.31,52.90,1
8.91,69.55,1
5.54,31.00,0
2.99,19.59,0
0.45,16.46,0
8.49,56.23,1
10.48,74.38,1
6.51,52.40,1
10.96,94.20,1
0.86,33.60,0
3.79,31.45,0
6.72,62.62,1
3.95,36.98,0
3.78,30.88,0
0.68,0.00,0
11.05,72.97,1
0.61,7.67,0
2.13,18.94,0
2.48,25.32,0
1.83,22.42,0
1.07,29.42,0
1.75,20.53,0
9.02,65.94,1
10.93,95.10,1
6.15,39.63,0
3.52,33.35,0
6.51,61.17,1
2.68,48.74,1
10.51,65.14,1
7.93,55.30,1
10.31,73.25,1
6.82,43.05,1
7.75,42.68,1
11.56,79.94,1
9.97,80.70,1
0.76,0.00,0
2.30,26.57,0
3.15,61.87,1
11.63,71.91,1
6.77,49.87,1
2.55,33.80,0
3.53,43.02,1
9.89,80.06,1
6.25,32.44,0
5.10,44.42,1
0.13,31.67,0
11.48,71.05,1
1.33,23.67,0
1.93,32.88,0
6.41,19.15,0
3.52,54.07,1
10.33,69.16,1
8.95,56.14,1
5.70,60.26,1
9.47,60.60,1
4.55,49.24,1
7.13,48.55,1
7.09,46.39,1
5.98,68.21,1
2.58,29.50,0
2.14,43.20,1
6.73,58.06,1
3.47,36.80,0
3.76,50.93,1
9.31,54.63,1
5.96,32.33,0
9.05,78.50,1
3.87,34.18,0
7.37,51.99,1
4.02,36.60,0
1.54,33.73,0
11.81,71.36,1
3.63,50.01,1
0.48,13.09,0
8.75,71.10,1
0.69,28.22,0
10.97,65.45,1
3.84,28.25,0
9.23,63.50,1
1.73,26.20,0
1.61,39.11,0
8.91,68.88,1
5.35,52.85,1
6.69,52.92,1
11.46,98.23,1
8.12,68.89,1
3.49,39.66,0
6.10,58.11,1
6.33,65.49,1
3.62,46.44,1
3.84,42.14,1
3.40,23.03,0
10.18,83.41,1
1.05,27.08,0
5.26,29.51,0
11.81,91.05,1
9.77,84.44,1
9.34,68.40,1
0.18,37.57,0
2.90,31.86,0
5.06,64.35,1
1.91,39.93,0
9.64,68.35,1
9.37,83.36,1
11.91,77.99,1
7.40,47.64,1
5.08,57.57,1
4.61,49.67,1
8.66,37.94,0
1.47,28.69,0
11.62,87.95,1
7.30,73.89,1
0.26,15.52,0
0.88,31.52,0
2.33,52.14,1
5.18,55.97,1
3.63,50.80,1
0.84,34.73,0
3.20,60.53,1
8.65,72.93,1
11.11,85.53,1
2.89,36.36,0
11.04,90.40,1
0.86,24.20,0
5.23,78.20,1
10.83,74.14,1
10.65,73.79,1
5.92,47.60,1
7.98,71.53,1
0.33,11.99,0
10.50,64.20,1
9.87,73.46,1
10.32,78.97,1
2.30,7.61,0
1.37,12.04,0
5.08,50.75,1
11.70,95.03,1
11.25,71.55,1
5.16,51.16,1
7.15,59.52,1
2.34,22.96,0
6.81,51.68,1
1.27,17.03,0
11.05,69.85,1
3.44,23.04,0
10.39,95.95,1
7.17,57.77,1
3.43,46.29,1
0.84,25.12,0
9.78,68.77,1
3.78,34.93,0
7.84,69.36,1
11.56,65.70,1
11.10,88.62,1
7.22,58.37,1
1.41,22.62,0
9.24,62.39,1
5.22,50.64,1
9.09,67.60,1
11.25,91.70,1
1.19,14.00,0
3.99,34.15,0
0.91,17.56,0
3.50,42.06,1
3.46,53.84,1
7.84,85.07,1
5.33,64.74,1
7.66,79.70,1
5.90,53.78,1
3.43,35.87,0
4.10,48.61,1
10.44,83.70,1
0.24,17.64,0
1.04,31.15,0
5.75,45.35,1
6.27,44.05,1
0.14,0.00,0
7.19,68.08,1
7.24,52.67,1
2.87,57.87,1
3.91,45.53,1
3.58,44.95,1
11.07,62.18,1
1.23,30.82,0
10.38,63.46,1
7.98,59.59,1
3.43,33.29,0
11.24,89.78,1
7.18,63.09,1
9.01,78.24,1
3.05,57.52,1
8.33,71.77,1
0.51,6.45,0
9.80,76.06,1
1.76,22.12,0
7.35,52.93,1
9.60,58.41,1
5.23,36.44,0
11.40,79.67,1
8.79,46.11,1
4.10,49.38,1
6.61,46.65,1
11.06,86.66,1
8.84,85.66,1
7.22,34.91,0
3.64,37.73,0
3.74,40.54,1
11.27,84.19,1
11.27,90.72,1
1.99,53.47,1
7.31,68.42,1
6.48,47.64,1
1.24,17.89,0
9.83,68.61,1
4.72,29.08,0
3.24,29.81,0
2.25,31.26,0
9.74,47.75,1
5.76,46.34,1
9.47,82.26,1
10.25,91.22,1
10.48,65.28,1
6.16,67.81,1
2.85,46.17,1
1.30,37.62,0
4.64,65.38,1
3.75,20.05,0
3.21,54.54,1
8.64,64.04,1
4.53,49.99,1
9.00,46.66,1
5.01,36.69,0
9.21,76.37,1
6.88,53.11,1
6.93,46.53,1
0.83,41.49,1
11.34,73.26,1
7.12,39.60,0
7.30,34.77,0
3.08,31.79,0
2.61,46.78,1
6.71,55.74,1
1.15,10.81,0
5.66,53.51,1
3.72,45.59,1
11.25,100.00,1
8.36,62.45,1
3.11,31.64,0
8.58,54.26,1
3.62,43.07,1
6.72,45.00,1
10.90,65.72,1
6.16,48.69,1
3.99,20.17,0
3.35,50.50,1
11.02,75.72,1
10.37,83.08,1
8.55,62.60,1
11.94,97.29,1
4.09,45.74,1
0.71,26.55,0
6.37,63.77,1
4.88,32.02,0
8.52,77.08,1
7.56,58.30,1
8.35,29.90,0
1.85,37.64,0
8.64,59.17,1
0.01,8.82,0
0.40,18.29,0
3.48,54.79,1
1.55,20.93,0
1.80,20.43,0
2.88,28.62,0
2.01,12.18,0
2.20,44.76,1
9.79,81.03,1
3.38,44.71,1
4.67,54.09,1
7.57,54.00,1
11.49,64.25,1
5.13,61.39,1
0.67,26.16,0
8.89,68.89,1
0.59,12.44,0
0.71,47.08,1
8.28,76.83,1
0.04,26.76,0
2.75,54.36,1
6.76,55.10,1
2.86,19.55,0
11.88,100.00,1
7.43,74.87,1
7.74,74.46,1
11.28,100.00,1
4.63,51.95,1
10.50,93.00,1
6.67,43.03,1
5.87,16.15,0
3.28,27.75,0
11.45,63.28,1
8.53,71.99,1
3.30,27.17,0
3.04,35.36,0
4.05,38.82,0
8.15,78.68,1
10.96,86.85,1
10.40,89.22,1
10.97,78.07,1
1.59,10.93,0
8.97,54.73,1
9.66,84.43,1
2.29,39.14,0
4.16,62.60,1
5.11,5.48,0
11.27,100.00,1
10.29,75.38,1
8.82,74.39,1
9.11,74.85,1
11.33,70.44,1
2.02,39.26,0
11.04,87.41,1
1.36,20.16,0
1.51,15.62,0
9.16,68.78,1
4.67,28.57,0
4.46,51.40,1
7.29,61.22,1
8.20,61.66,1
0.29,21.86,0
6.25,69.23,1
4.30,35.06,0
10.95,50.17,1
2.82,19.31,0
10.12,84.23,1
1.95,49.99,1
7.99,69.94,1
7.85,63.40,1
8.39,42.05,1
3.22,40.06,1
5.50,60.04,1
4.81,41.04,1
8.73,84.01,1
8.69,86.27,1
1.72,41.42,1
9.62,85.66,1
1.89,21.43,0
8.11,64.31,1
4.00,49.47,1
2.44,47.07,1
1.75,12.15,0
6.31,47.20,1
8.09,54.25,1
2.81,26.98,0
6.98,44.87,1
9.17,69.55,1
4.66,50.01,1
0.91,19.43,0
10.55,65.53,1
6.48,54.13,1
1.93,24.98,0
1.36,25.17,0
3.08,16.66,0
9.45,72.87,1
11.64,87.34,1
1.03,18.77,0
10.99,87.74,1
9.54,76.05,1
0.18,30.93,0
5.49,29.03,0
8.88,69.74,1
3.42,39.25,0
0.68,35.67,0
4.35,66.56,1
1.19,0.00,0
11.79,66.46,1
8.64,62.14,1
6.94,74.44,1
8.52,56.14,1
8.89,62.21,1
0.44,11.30,0
4.25,41.42,1
11.04,77.43,1
9.70,69.15,1
10.82,94.81,1
2.00,22.91,0
9.63,66.01,1
8.55,72.67,1
2.79,44.48,1
4.28,39.62,0
7.41,57.96,1
7.15,65.04,1
5.08,27.92,0
7.44,82.81,1
7.52,76.53,1
2.41,5.44,0
8.54,64.58,1
1.45,37.36,0
11.05,72.38,1
11.23,73.12,1
8.47,58.39,1
2.87,38.62,0
11.27,84.04,1
9.25,80.50,1
4.27,32.85,0
10.51,93.99,1
3.52,49.03,1
0.92,33.25,0
3.21,21.02,0
10.79,65.03,1
4.00,36.62,0
8.71,55.20,1
9.69,72.96,1
10.95,66.34,1
1.48,41.69,1
4.21,47.02,1
3.99,52.00,1
11.08,75.52,1
1.43,44.76,1
6.79,79.54,1
2.62,28.71,0
7.30,54.15,1
2.19,17.52,0
0.73,27.07,0
3.79,55.98,1
11.57,100.00,1
6.10,33.60,0
0.89,1.55,0
11.72,91.49,1
2.93,37.44,0
6.59,66.65,1
7.42,56.71,1
2.83,51.96,1
4.06,37.84,0
5.06,38.08,0
4.62,37.21,0
10.09,71.87,1
0.53,10.14,0
10.30,74.90,1
5.31,43.59,1
10.39,79.19,1
7.37,46.74,1
6.73,72.49,1
8.91,70.67,1
9.31,81.19,1
8.31,53.16,1
5.49,48.16,1
9.88,64.36,1
3.62,66.53,1
11.04,84.82,1
1.21,24.62,0
6.70,67.46,1
9.45,64.24,1
3.54,39.60,0
1.84,26.72,0
2.13,35.20,0
3.29,30.03,0
9.18,66.81,1
11.43,98.22,1
7.10,55.40,1
0.29,22.72,0
0.27,13.04,0
7.36,74.90,1
1.49,21.76,0
5.75,35.66,0
4.23,39.89,0
3.61,54.32,1
1.73,21.33,0
1.89,29.18,0
3.52,53.88,1
9.63,66.31,1
9.58,76.34,1
11.28,100.00,1
8.12,71.84,1
10.01,59.63,1
7.99,48.58,1
4.36,40.30,1
1.87,50.23,1
4.34,58.42,1
8.56,55.83,1
3.65,33.39,0
6.58,52.62,1
3.56,73.57,1
11.13,83.45,1
6.65,49.30,1
11.02,71.32,1
3.78,28.55,0
5.19,66.57,1
6.04,51.89,1
9.53,74.70,1
8.93,61.08,1
0.95,14.34,0
1.90,34.18,0
1.91,18.15,0
1.07,34.84,0
4.61,52.57,1
4.54,31.40,0
10.89,79.92,1
10.33,72.31,1
7.48,67.94,1
5.72,60.48,1
8.68,63.19,1
1.60,23.34,0
11.00,71.72,1
0.76,15.55,0
9.50,74.04,1
7.64,80.24,1
9.94,91.26,1
7.73,57.91,1
7.90,82.51,1
1.06,40.61,1
9.07,86.36,1
5.84,41.09,1
1.99,25.68,0
1.74,20.92,0
2.47,50.64,1
10.53,91.23,1
7.83,71.97,1
0.20,20.27,0
0.81,22.94,0
5.78,38.86,0
3.60,34.73,0
8.50,72.52,1
10.76,77.25,1
2.15,44.04,1
1.05,14.40,0
5.62,42.90,1
4.06,34.84,0
5.40,49.86,1
1.46,22.36,0
9.81,86.90,1
2.11,38.32,0
7.88,80.13,1
1.11,37.07,0
3.49,42.75,1
6.04,68.53,1
5.46,73.42,1
0.70,33.22,0
4.95,39.62,0
1.95,27.02,0
5.49,47.10,1
1.91,29.72,0
0.95,29.84,0
3.46,24.14,0
8.46,44.73,1
1.72,13.39,0
8.24,38.67,0
2.41,28.15,0
7.53,57.96,1
0.36,17.06,0
10.52,84.59,1
11.59,78.47,1
7.62,56.24,1
11.22,78.74,1
2.50,19.96,0
8.94,52.42,1
6.65,65.59,1
7.66,60.28,1
10.26,69.92,1
10.45,38.33,0
9.84,72.43,1
11.01,93.43,1
6.81,59.16,1
11.21,75.54,1
4.18,6.28,0
7.84,62.97,1
0.94,32.37,0
11.18,88.31,1
5.47,44.62,1
2.57,35.71,0
5.12,50.53,1
11.71,88.80,1
5.28,47.62,1
4.99,51.87,1
9.29,62.50,1
5.27,56.33,1
0.72,37.35,0
5.76,46.09,1
8.75,65.06,1
2.48,58.05,1
10.72,100.00,1
8.28,61.31,1
7.92,82.92,1
10.03,65.76,1
9.40,79.10,1
4.29,28.46,0
3.90,32.91,0
3.94,28.70,0
5.30,63.91,1
6.60,50.16,1
9.95,56.77,1
8.52,57.68,1
9.26,51.71,1
6.64,66.86,1
4.83,46.37,1
6.82,65.41,1
9.87,66.88,1
8.11,85.75,1
3.15,38.69,0
7.24,55.02,1
8.38,74.03,1
10.53,68.62,1
10.31,73.13,1
11.84,81.95,1
6.32,47.84,1
6.75,58.56,1
11.37,79.15,1
1.90,26.86,0
11.29,81.27,1
10.05,63.61,1
9.40,70.31,1
6.88,50.97,1
8.67,64.97,1
10.20,80.73,1
6.82,62.02,1
3.22,45.52,1
7.61,55.25,1
5.44,56.52,1
5.58,59.08,1
6.71,56.53,1
8.55,69.10,1
8.38,49.79,1
9.54,86.31,1
3.64,30.02,0
2.15,17.68,0
6.93,57.09,1
11.13,69.48,1
3.39,41.53,1
4.51,44.02,1
11.01,100.00,1
11.12,81.56,1
4.20,53.96,1
0.60,23.05,0
4.77,51.68,1
10.79,78.01,1
2.17,28.17,0
6.14,54.33,1
8.63,51.61,1
3.55,44.14,1
11.66,62.33,1
8.93,71.69,1
4.78,45.04,1
5.31,51.71,1
2.07,25.75,0
10.29,70.08,1
3.07,30.09,0
0.53,37.78,0
9.77,67.61,1
7.10,48.79,1
1.85,23.88,0
10.33,51.06,1
6.87,52.59,1
0.78,34.86,0
2.95,30.50,0
6.68,69.01,1
11.93,76.43,1
4.15,45.92,1
5.64,68.13,1
2.55,15.16,0
3.03,21.85,0
2.55,27.18,0
9.49,48.82,1
1.90,13.18,0
7.85,60.53,1
4.22,28.58,0
10.01,94.51,1
9.12,89.38,1
8.88,94.92,1
11.49,77.70,1
2.41,37.16,0
11.15,64.06,1
9.17,83.44,1
6.72,39.37,0
10.95,83.50,1
1.21,37.62,0
11.74,82.79,1
3.77,33.96,0
11.08,83.30,1
0.99,31.15,0
1.70,30.62,0
8.26,40.39,1
2.08,8.70,0
11.57,100.00,1
10.06,64.58,1
9.99,88.90,1
9.26,64.45,1
2.18,13.28,0
1.40,17.44,0
0.25,17.85,0
8.88,82.79,1
7.16,56.60,1
2.83,15.54,0
1.58,32.11,0
7.96,51.72,1
4.66,38.26,0
5.18,46.31,1
7.94,78.73,1
11.34,65.90,1
4.28,61.03,1
9.84,68.21,1
2.84,38.10,0
11.30,77.68,1
4.53,37.24,0
0.36,2.89,0
0.67,33.77,0
10.86,81.12,1
3.94,38.76,0
6.04,40.73,1
10.45,63.64,1
7.46,46.20,1
10.16,61.62,1
7.02,70.50,1
10.89,87.45,1
11.99,87.50,1
4.12,44.79,1
7.16,48.93,1
6.67,57.93,1
4.62,53.42,1
9.22,72.18,1
4.74,34.36,0
8.27,70.68,1
6.18,29.62,0
3.13,37.52,0
9.04,76.64,1
3.09,36.05,0
3.28,35.45,0
5.78,64.93,1
4.66,54.14,1
3.34,51.35,1
7.99,74.95,1
4.81,40.94,1
6.31,44.62,1
8.73,77.19,1
11.13,93.36,1
7.00,66.26,1
0.92,18.99,0
0.65,6.43,0
5.71,56.02,1
9.02,50.24,1
8.53,73.61,1
5.02,52.92,1
0.76,37.90,0
2.18,27.77,0
6.90,54.90,1
1.38,46.60,1
9.28,84.33,1
0.72,16.48,0
11.04,76.00,1
7.74,71.68,1
7.67,44.51,1
0.14,19.58,0
5.52,73.12,1
9.54,52.01,1
9.18,76.92,1
7.92,73.04,1
10.18,70.70,1
8.76,58.21,1
1.80,24.92,0
3.39,31.22,0
4.69,29.92,0
9.19,78.98,1
3.08,14.25,0
2.32,32.18,0
10.52,83.08,1
9.76,100.00,1
0.33,33.19,0
3.70,57.10,1
6.65,54.57,1
3.98,25.89,0
2.70,35.79,0
10.82,82.40,1
3.73,37.31,0
8.54,76.21,1
10.61,86.45,1
4.64,40.91,1
8.94,57.40,1
4.02,21.88,0
10.38,57.69,1
9.87,66.30,1
6.08,45.46,1
2.37,18.42,0
9.86,62.45,1
0.44,22.18,0
8.67,63.71,1
1.63,29.19,0
2.12,32.56,0
9.04,69.34,1
6.31,37.53,0
0.85,22.04,0
7.87,72.21,1
10.15,67.13,1
10.54,94.26,1
10.97,85.71,1
3.63,32.33,0
8.95,68.81,1
10.50,76.59,1
9.11,73.36,1
2.20,28.40,0
5.54,39.77,0
5.23,53.93,1
1.50,23.76,0
8.08,74.91,1
3.26,56.75,1
7.89,68.53,1
2.96,0.00,0
11.25,99.27,1
6.34,33.59,0
10.05,75.26,1
4.92,63.98,1
9.99,91.77,1
6.70,53.06,1
8.24,68.14,1
0.17,25.94,0
8.84,76.15,1
9.23,65.15,1
7.71,31.49,0
5.90,34.26,0
3.01,42.24,1
0.68,24.37,0
5.98,60.41,1
0.44,28.12,0
1.36,20.03,0
3.65,36.84,0
4.21,47.11,1
2.52,38.53,0
2.77,34.68,0
7.90,51.48,1
5.34,41.06,1
10.43,76.76,1
11.18,69.79,1
7.17,73.97,1
10.23,82.95,1
9.14,70.21,1
10.70,76.13,1
4.66,37.73,0
1.13,19.63,0
4.16,40.25,1
7.39,78.77,1
6.48,66.81,1
6.86,48.54,1
8.37,70.31,1
5.69,70.74,1
10.09,69.15,1
5.77,67.64,1
5.00,46.36,1
7.87,93.71,1
6.28,57.55,1
10.26,75.90,1
5.35,52.18,1
8.83,80.36,1
8.83,63.04,1
5.57,65.93,1
7.05,56.53,1
5.76,48.10,1
3.76,30.08,0
5.85,32.87,0
9.20,76.09,1
9.57,85.56,1
8.81,84.65,1
0.92,54.32,1
0.95,24.83,0
11.35,86.79,1
3.43,57.06,1
3.70,48.24,1
11.26,97.41,1
8.67,57.55,1
1.80,24.27,0
5.56,73.83,1
10.39,85.25,1
6.45,58.79,1
11.46,76.67,1
3.86,29.02,0
8.66,56.49,1
9.18,68.13,1
9.96,94.50,1
10.40,73.85,1
3.58,36.85,0
10.42,69.87,1
0.77,40.68,1
9.37,66.29,1
3.40,18.36,0
3.97,29.96,0
3.80,57.91,1
5.95,62.30,1
2.60,26.36,0
11.91,90.40,1
7.64,49.28,1
7.88,73.07,1
6.18,47.50,1
8.70,45.62,1
1.89,30.22,0
4.33,46.52,1
9.48,80.05,1
6.60,44.84,1
8.40,59.39,1
9.81,60.01,1
3.13,22.52,0
11.62,80.46,1
7.01,50.58,1
10.52,67.32,1
2.56,38.11,0
10.34,100.00,1
5.80,65.14,1
7.25,61.97,1
2.45,36.67,0
11.16,89.88,1
3.96,34.94,0
11.03,69.74,1
4.46,40.86,1
7.49,53.04,1
9.26,51.80,1
9.45,100.00,1
5.65,54.15,1
6.34,45.95,1
10.13,83.61,1
1.23,23.91,0
4.00,67.67,1
8.39,70.18,1
5.73,42.48,1
4.14,41.03,1
9.59,62.55,1
6.34,60.81,1
4.73,24.08,0
0.63,30.46,0
4.39,59.73,1
5.29,41.96,1
4.52,38.15,0
11.19,82.64,1
5.68,43.56,1
9.83,83.49,1
5.17,41.49,1
4.49,31.38,0
7.61,65.93,1
3.75,42.35,1
10.47,85.99,1
9.33,69.66,1
7.76,66.33,1
4.32,32.39,0
7.94,61.22,1
3.51,40.47,1
10.63,82.94,1
8.28,85.83,1
11.13,80.41,1
8.96,68.81,1
3.52,32.51,0
2.05,53.50,1
11.19,78.10,1
3.27,35.64,0
9.38,79.07,1
9.02,70.35,1
2.97,45.83,1
10.90,92.19,1
11.53,73.90,1
3.93,28.74,0
5.64,30.98,0
11.27,85.41,1
1.26,33.76,0
9.31,59.30,1
1.69,29.64,0
5.12,37.51,0
0.89,30.96,0
2.60,18.80,0
5.28,48.56,1
11.18,63.29,1
0.94,18.68,0
5.36,38.86,0
9.83,53.88,1
0.12,23.11,0
4.92,39.90,0
8.04,50.42,1
2.96,32.95,0
4.17,48.74,1
3.74,47.60,1
5.34,42.48,1
3.95,41.65,1
3.09,41.34,1
8.52,58.61,1
11.11,82.05,1
11.08,88.88,1
10.37,71.81,1
10.19,89.13,1
2.38,28.25,0
4.99,42.98,1
8.88,75.44,1
9.26,65.29,1
11.54,92.36,1
4.47,48.43,1
1.46,34.40,0
5.56,54.32,1
7.37,42.81,1
4.37,42.12,1
0.39,0.00,0
7.72,74.31,1
6.74,58.95,1
4.93,34.76,0
1.11,25.92,0
9.12,79.44,1
9.30,74.26,1
5.31,60.30,1
3.95,43.58,1
6.69,61.16,1
7.60,75.23,1
1.33,52.52,1
2.73,25.01,0
11.11,100.00,1
0.04,13.70,0
3.06,39.11,0
11.20,79.88,1
4.75,48.55,1
5.12,49.18,1
5.04,39.14,0
2.83,35.11,0
4.88,53.27,1
7.42,43.23,1
9.27,69.09,1
2.37,31.42,0
5.60,62.01,1
7.24,85.49,1
11.21,77.09,1
4.67,90.75,1
11.40,72.98,1
11.55,65.68,1
3.58,52.56,1
7.20,56.56,1
1.11,17.84,0
9.97,69.93,1
2.44,45.46,1
8.61,60.46,1
6.75,81.24,1
4.75,49.62,1
11.91,64.18,1
8.51,71.77,1
6.89,55.46,1
9.44,71.53,1
5.01,52.34,1
8.16,42.81,1
3.03,44.89,1
3.21,9.59,0
3.09,52.84,1
9.82,67.86,1
1.16,31.64,0
10.58,70.26,1
3.90,45.15,1
0.49,38.53,0
11.21,78.00,1
1.53,55.64,1
8.93,80.38,1
0.92,16.27,0
10.41,77.92,1
9.39,70.60,1
6.53,53.18,1
7.34,60.92,1
0.64,18.26,0
2.35,14.54,0
1.40,33.77,0
4.51,45.82,1
2.51,19.54,0
9.09,67.87,1
10.77,92.75,1
4.25,35.95,0
1.29,21.29,0
9.27,73.03,1
4.30,46.85,1
0.37,26.28,0
2.79,27.40,0
11.58,95.04,1
0.45,18.26,0
11.39,94.93,1
1.49,17.41,0
10.43,83.69,1
8.83,81.45,1
11.27,60.96,1
3.86,69.77,1
7.28,78.27,1
5.21,67.31,1
11.96,68.93,1
11.59,76.63,1
4.47,44.83,1
7.10,64.91,1
8.44,50.76,1
9.56,80.00,1
8.01,74.96,1
10.84,75.93,1
6.81,62.39,1
6.73,58.69,1
5.49,47.45,1
6.62,41.85,1
7.38,62.93,1
0.09,32.45,0
1.48,42.57,1
5.08,55.85,1
1.72,20.90,0
3.13,42.33,1
8.71,65.74,1
3.85,52.98,1
7.55,58.68,1
3.85,46.51,1
9.23,63.20,1
10.79,78.49,1
6.27,42.77,1
10.05,70.34,1
5.95,37.07,0
7.39,68.66,1
2.16,34.18,0
4.97,60.12,1
9.93,54.27,1
10.24,93.49,1
7.69,67.37,1
9.62,63.72,1
9.78,67.54,1
6.82,69.91,1
7.75,48.32,1
2.73,31.23,0
10.83,73.08,1
5.26,44.33,1
0.06,6.44,0
7.32,81.48,1
8.63,53.14,1
6.09,75.24,1
1.95,40.39,1
8.88,79.17,1
0.36,40.50,1
2.10,24.46,0
1.96,29.58,0
4.82,27.25,0
5.22,64.30,1
10.36,85.90,1
9.13,84.73,1
2.99,50.68,1
6.34,37.51,0
11.51,100.00,1
6.14,74.24,1
4.78,62.37,1
5.52,51.14,1
7.98,68.09,1
7.94,63.12,1
4.44,13.28,0
9.20,81.35,1
0.86,34.23,0
1.46,46.79,1
11.89,68.56,1
2.85,9.87,0
11.18,75.33,1
6.19,68.28,1
5.36,33.59,0
10.08,77.21,1
4.15,49.19,1
2.72,42.69,1
4.35,31.38,0
1.29,6.47,0
3.03,25.15,0
10.33,98.64,1
5.81,84.84,1
2.89,23.46,0
10.30,75.09,1
10.48,82.38,1
0.85,6.63,0
10.61,77.84,1
3.22,14.97,0
9.51,66.69,1
11.80,69.03,1
0.84,5.57,0
5.44,64.79,1
11.00,67.77,1
4.33,44.01,1
7.40,74.10,1
5.50,36.81,0
2.03,42.01,1
3.42,22.43,0
3.51,45.01,1
11.81,78.07,1
11.03,79.72,1
4.11,55.01,1
2.81,44.45,1
12.00,64.61,1
9.62,81.68,1
10.85,76.42,1
9.11,76.25,1
1.57,35.96,0
11.00,83.56,1
7.37,64.93,1
1.68,29.59,0
2.64,37.72,0
9.17,45.13,1
2.59,39.93,0
5.42,42.12,1
9.67,70.77,1
9.30,88.96,1
0.05,22.98,0
9.78,67.47,1
6.89,64.26,1
3.49,46.32,1
9.88,75.22,1
1.57,33.37,0
10.94,98.26,1
2.49,34.52,0
10.60,84.17,1
4.18,53.30,1
10.24,97.66,1
11.86,85.13,1
2.30,53.63,1
0.67,25.76,0
1.30,6.49,0
1.11,26.94,0
5.06,43.36,1
8.99,75.00,1
0.87,35.34,0
5.09,29.94,0
6.26,57.09,1
7.59,59.91,1
3.84,28.10,0
4.79,57.06,1
1.72,39.67,0
7.12,67.57,1
11.98,90.97,1
5.23,59.31,1
3.84,36.83,0
7.46,72.12,1
6.59,48.83,1
7.93,52.41,1
5.84,39.56,0
6.51,63.91,1
6.27,42.76,1
4.30,24.30,0
9.29,56.22,1
8.82,84.85,1
1.43,32.59,0
3.62,39.44,0
5.93,56.87,1
7.02,58.37,1
3.46,31.71,0
4.99,63.04,1
3.04,22.09,0
1.73,38.45,0
8.33,82.09,1
8.47,64.53,1
6.88,46.31,1
9.58,73.58,1
10.95,100.00,1
4.77,33.44,0
4.20,22.48,0
10.06,80.51,1
1.62,40.83,1
1.70,21.07,0
0.31,16.06,0
3.05,33.49,0
6.76,65.27,1
9.07,87.88,1
8.36,65.44,1
6.32,69.31,1
11.45,72.59,1
6.74,58.49,1
6.98,73.30,1
4.67,46.91,1
2.08,61.31,1
0.75,16.91,0
9.58,70.59,1
2.94,37.10,0
7.69,60.09,1
6.10,37.21,0
5.07,47.33,1
8.54,49.20,1
9.60,84.86,1
10.39,95.36,1
1.93,36.56,0
6.48,58.00,1
5.09,58.00,1
5.96,46.52,1
5.97,59.80,1
9.10,54.16,1
1.91,14.03,0
8.15,83.33,1
7.44,61.49,1
11.99,99.59,1
11.18,75.62,1
2.46,30.87,0
6.80,65.83,1
2.51,46.97,1
1.82,31.74,0
6.26,39.65,0
0.92,20.48,0
11.75,81.76,1
8.93,57.70,1
6.32,44.65,1
9.27,87.96,1
10.40,75.96,1
11.47,85.87,1
7.24,74.69,1
10.51,69.27,1
7.64,66.38,1
8.06,73.15,1
4.87,67.82,1
1.83,47.70,1
7.89,85.72,1
8.31,81.25,1
11.14,83.56,1
3.29,52.73,1
1.81,24.22,0
2.44,40.41,1
7.47,66.80,1
1.31,37.13,0
9.39,82.41,1
9.83,62.14,1
10.99,78.81,1
5.17,29.52,0
11.36,58.88,1
11.01,90.93,1
4.48,45.88,1
6.77,68.18,1
4.74,48.05,1
5.35,71.29,1
5.91,53.40,1
9.25,57.91,1
0.62,5.29,0
4.91,46.32,1
11.95,100.00,1
9.56,74.34,1
10.36,52.67,1
8.82,52.90,1
7.60,56.41,1
0.68,14.02,0
1.03,6.60,0
4.70,52.81,1
5.49,61.91,1
10.34,74.75,1
4.00,59.03,1
0.85,9.20,0
7.79,71.67,1
7.44,61.52,1
4.07,55.49,1
1.73,21.86,0
10.85,70.50,1
7.40,68.61,1
2.09,43.07,1
2.54,42.79,1
11.33,99.86,1
2.10,35.76,0
10.71,79.58,1
10.27,81.88,1
11.74,87.29,1
8.61,57.89,1
2.80,16.59,0
6.91,66.88,1
7.09,50.08,1
10.32,73.35,1
8.73,66.49,1
7.81,62.89,1
6.84,60.59,1
5.55,46.85,1
5.10,43.02,1
1.10,26.32,0
4.31,37.10,0
7.49,48.51,1
8.67,76.10,1
11.33,96.12,1
3.81,46.35,1
0.30,32.06,0
9.58,59.86,1
6.36,64.59,1
1.96,17.74,0
7.23,57.22,1
1.87,43.21,1
4.57,35.41,0
0.28,28.51,0
7.10,51.60,1
6.48,47.08,1
1.11,19.92,0
6.43,37.99,0
7.52,31.88,0
6.87,73.26,1
9.60,80.74,1
0.68,38.08,0
10.14,70.36,1
9.90,77.65,1
3.78,32.85,0
8.12,77.98,1
0.69,13.08,0
8.42,75.33,1
10.28,83.25,1
3.96,36.10,0
11.29,83.78,1
10.83,86.56,1
2.41,50.98,1
5.68,43.72,1
9.92,61.55,1
8.16,83.09,1
11.97,82.99,1
9.86,83.35,1
8.24,44.30,1
4.46,28.38,0
7.32,74.89,1
2.50,48.07,1
5.76,54.16,1
9.38,79.86,1
11.08,65.63,1
4.45,36.51,0
5.32,51.40,1
4.63,51.59,1
0.96,19.92,0
9.16,62.32,1
5.76,57.67,1
0.60,24.89,0
3.24,14.01,0
1.99,18.74,0
6.86,66.61,1
8.94,73.73,1
5.79,55.45,1
11.14,77.44,1
9.67,75.46,1
1.04,20.28,0
9.06,88.16,1
7.76,79.07,1
7.25,58.04,1
11.31,83.96,1
4.28,38.70,0
3.32,32.37,0
7.69,63.81,1
6.63,48.02,1
9.31,68.77,1
6.83,48.99,1
4.82,48.73,1
2.54,55.13,1
3.09,28.32,0
6.69,64.08,1
0.58,25.81,0
8.43,40.67,1
8.39,76.47,1
10.36,82.89,1
0.55,28.27,0
3.68,47.73,1
8.57,64.24,1
8.75,70.70,1
10.42,78.31,1
2.24,29.64,0
3.46,22.78,0
1.29,45.49,1
10.54,72.28,1
0.86,39.07,0
8.71,72.29,1
11.49,72.38,1
2.28,20.97,0
10.16,82.24,1
10.97,97.17,1
5.92,42.24,1
1.29,19.22,0
7.73,78.56,1
5.31,51.16,1
8.55,51.71,1
11.62,88.47,1
10.12,80.22,1
8.17,62.39,1
5.30,57.32,1
3.80,26.28,0
9.64,73.08,1
5.76,46.85,1
8.10,72.58,1
9.67,75.10,1
8.99,74.88,1
9.20,50.14,1
1.75,23.65,0
10.43,57.08,1
1.73,36.63,0
11.40,63.98,1
3.89,44.42,1
1.66,25.09,0
11.08,74.20,1
0.80,1.85,0
4.32,19.96,0
8.38,43.00,1
9.46,68.77,1
5.82,64.14,1
6.51,50.24,1
2.67,41.60,1
2.12,45.72,1
3.33,46.06,1
6.39,47.18,1
3.79,48.19,1
8.18,56.74,1
5.61,51.12,1
7.54,79.51,1
2.81,49.03,1
6.79,47.01,1
1.88,41.02,1
6.24,60.64,1
0.49,31.13,0
3.35,40.81,1
4.64,39.27,0
9.57,69.76,1
6.84,54.18,1
7.90,72.36,1
4.32,41.56,1
4.86,45.83,1
1.16,17.27,0
1.52,21.53,0
5.34,60.70,1
6.21,58.86,1
2.87,45.96,1
2.02,41.91,1
11.20,92.59,1
11.64,85.49,1
2.79,16.94,0
4.49,41.05,1
10.44,68.82,1
1.12,34.65,0
8.71,56.55,1
4.19,38.50,0
5.69,61.83,1
9.43,83.60,1
11.17,88.26,1
0.32,21.04,0
7.07,61.50,1
5.02,58.64,1
4.97,56.41,1
6.42,48.17,1
11.96,78.97,1
4.93,48.08,1
6.89,55.32,1
6.31,71.22,1
7.38,47.10,1
3.05,45.72,1
10.19,68.03,1
3.76,40.76,1
5.82,48.82,1
10.37,63.95,1
5.26,41.21,1
1.69,53.49,1
2.06,7.46,0
10.18,69.63,1
10.20,82.63,1
4.73,38.56,0
9.76,92.91,1
6.82,70.71,1
6.09,42.85,1
6.00,67.72,1
9.03,67.51,1
9.13,78.30,1
8.04,83.97,1
9.59,57.29,1
2.43,23.87,0
4.82,49.09,1
5.36,19.89,0
10.94,68.12,1
2.06,27.06,0
5.60,22.81,0
0.62,43.36,1
0.68,27.79,0
3.73,27.82,0
1.29,14.56,0
9.63,67.85,1
6.53,59.17,1
5.48,30.17,0
6.00,64.62,1
11.35,83.72,1
7.22,79.63,1
4.20,51.50,1
10.48,91.88,1
1.61,23.85,0
9.22,60.54,1
11.47,80.73,1
2.36,29.77,0
10.16,78.38,1
9.69,80.03,1
1.82,54.02,1
8.10,83.16,1
7.43,68.88,1
10.88,63.16,1
3.73,42.73,1
7.38,50.74,1
1.17,21.85,0
9.07,89.08,1
0.29,21.55,0
10.81,100.00,1
1.54,39.87,0
0.60,39.48,0
9.68,49.99,1
7.01,51.40,1
6.87,64.35,1
11.40,100.00,1
0.04,32.00,0
8.86,57.83,1
8.08,59.81,1
3.80,17.00,0
11.78,83.53,1
10.80,86.88,1
4.96,53.06,1
8.02,49.42,1
4.12,34.89,0
9.20,59.05,1
8.23,68.47,1
9.54,94.07,1
11.87,96.17,1
0.88,35.68,0
1.07,17.96,0
5.01,66.25,1
2.50,57.33,1
4.65,48.68,1
5.87,53.17,1
5.81,67.83,1
7.84,48.97,1
11.33,68.41,1
3.98,64.87,1
1.42,25.93,0
7.17,52.54,1
1.95,31.49,0
11.29,66.44,1
0.14,35.31,0
2.68,32.81,0
1.25,49.32,1
0.83,16.35,0
10.27,72.56,1
5.92,40.99,1
4.49,22.07,0
10.49,86.19,1
0.80,21.72,0
5.26,51.81,1
6.32,53.21,1
3.78,47.47,1
6.17,49.74,1
8.29,82.14,1
3.25,27.49,0
8.16,70.87,1
0.69,12.21,0
9.65,72.31,1
8.30,53.07,1
0.06,15.80,0
2.96,33.48,0
10.68,77.42,1
9.75,66.48,1
2.27,27.27,0
6.93,56.73,1
10.54,77.14,1
3.85,43.72,1
2.10,29.74,0
1.93,32.05,0
11.32,100.00,1
8.69,74.96,1
1.34,8.36,0
2.45,31.12,0
9.18,73.89,1
0.50,13.86,0
7.87,89.44,1
0.80,3.49,0
7.51,65.69,1
1.12,21.56,0
8.40,41.32,1
9.82,64.08,1
2.70,33.15,0
7.56,69.83,1
8.80,69.40,1
5.20,46.84,1
11.90,85.00,1
9.54,67.24,1
4.40,47.31,1
6.22,69.49,1
11.94,73.95,1
5.51,23.00,0
8.31,47.44,1
11.64,96.38,1
11.68,94.94,1
3.44,41.29,1
11.02,78.70,1
11.70,93.07,1
0.96,18.43,0
4.35,30.22,0
2.87,26.59,0
11.00,90.41,1
7.27,60.39,1
10.95,78.83,1
9.65,50.74,1
11.46,76.29,1
9.29,83.23,1
0.99,49.38,1
1.56,4.06,0
11.12,100.00,1
8.48,96.77,1
7.40,59.59,1
10.16,74.78,1
2.37,49.51,1
3.64,22.97,0
3.21,41.78,1
7.38,58.42,1
4.17,47.76,1
1.50,41.10,1
7.99,67.79,1
4.87,30.90,0
8.78,64.20,1
5.98,52.09,1
5.35,75.60,1
9.59,75.68,1
0.34,13.18,0
3.90,55.34,1
10.38,80.28,1
4.22,50.25,1
8.13,60.01,1
0.39,31.71,0
5.74,66.42,1
5.49,71.29,1
3.59,33.24,0
3.60,16.17,0
11.85,66.81,1
11.21,71.17,1
7.47,66.89,1
0.62,8.92,0
7.81,36.61,0
6.58,75.28,1
6.97,47.00,1
2.08,37.08,0
9.57,66.53,1
7.22,52.57,1
11.23,83.33,1
0.57,21.38,0
2.99,27.82,0
10.41,62.70,1
10.67,66.13,1
3.44,43.34,1
0.46,5.85,0
7.89,77.11,1
3.81,43.80,1
2.04,38.50,0
6.40,55.22,1
8.47,62.14,1
8.64,52.83,1
10.06,96.30,1
4.63,54.45,1
1.81,34.46,0
10.53,75.60,1
7.32,62.08,1
1.13,26.30,0
10.60,75.27,1
4.09,37.72,0
1.47,30.03,0
10.32,59.80,1
6.03,55.93,1
1.97,23.47,0
2.50,27.68,0
11.54,77.88,1
8.09,71.93,1
11.37,90.24,1
10.49,87.08,1
1.48,29.09,0
4.95,38.57,0
8.24,65.10,1
11.23,77.16,1
2.70,48.83,1
11.87,80.54,1
2.91,28.63,0
3.01,32.72,0
10.96,90.22,1
6.84,96.22,1
2.44,49.83,1
5.40,54.51,1
3.95,40.61,1
10.36,98.91,1
1.18,17.35,0
1.18,25.05,0
0.37,43.85,1
2.15,14.28,0
1.18,39.76,0
7.97,48.70,1
8.02,71.94,1
10.82,62.20,1
0.97,32.60,0
10.21,78.83,1
6.40,49.37,1
7.78,65.96,1
1.80,25.19,0
7.90,64.54,1
3.03,34.39,0
9.02,70.24,1
11.10,82.59,1
4.03,62.47,1
9.57,74.43,1
1.99,35.65,0
9.20,72.94,1
6.52,38.95,0
9.07,74.66,1
11.63,86.19,1
5.96,40.16,1
10.82,60.31,1
4.92,65.49,1
3.05,37.27,0
2.22,36.78,0
5.07,55.46,1
9.19,81.72,1
3.39,39.33,0
9.10,80.17,1
2.06,33.37,0
1.45,32.92,0
5.21,43.58,1
11.38,68.58,1
1.05,20.48,0
2.90,38.06,0
0.16,28.64,0
0.86,53.48,1
10.75,91.35,1
1.18,6.89,0
1.77,32.63,0
9.17,76.32,1
1.37,19.59,0
7.71,71.99,1
9.94,87.66,1
5.15,51.99,1
2.96,37.82,0
4.05,54.47,1
1.53,34.08,0
0.97,28.27,0
8.64,78.04,1
6.00,52.00,1
4.99,41.69,1
8.24,70.41,1
2.24,38.51,0
1.66,28.21,0
4.68,49.57,1
5.16,48.30,1
4.29,62.63,1
2.73,36.28,0
0.99,36.77,0
9.07,57.65,1
10.01,87.06,1
7.50,64.68,1
3.52,57.41,1
0.95,32.23,0
6.03,54.11,1
8.48,51.98,1
9.61,69.13,1
9.33,67.12,1
4.22,49.49,1
3.97,41.02,1
3.90,32.58,0
10.92,75.54,1
0.77,26.82,0
7.63,47.20,1
0.08,36.55,0
9.27,78.23,1
8.45,53.16,1
2.24,34.98,0
10.49,57.36,1
10.33,73.79,1
9.25,86.48,1
6.68,34.40,0
4.69,41.78,1
9.72,85.85,1
0.41,18.31,0
11.67,79.94,1
6.91,71.64,1
5.37,34.23,0
0.71,9.69,0
11.65,77.47,1
2.51,44.86,1
1.20,23.29,0
4.64,38.60,0
2.35,44.72,1
6.87,66.03,1
1.87,39.36,0
11.83,89.93,1
11.87,71.72,1
2.62,22.94,0
0.18,28.26,0
10.97,96.25,1
7.25,62.16,1
3.76,24.69,0
5.33,28.36,0
1.20,19.89,0
1.50,51.91,1
7.78,27.32,0
11.08,82.95,1
4.03,20.22,0
1.64,15.44,0
8.16,65.47,1
10.36,71.07,1
10.61,50.10,1
8.17,34.06,0
2.56,35.91,0
10.25,86.75,1
5.58,57.32,1
4.39,27.43,0
4.88,58.54,1
9.91,85.77,1
5.34,46.44,1
5.53,33.01,0
9.60,71.78,1
3.80,49.97,1
5.96,45.20,1
1.94,43.37,1
7.62,73.74,1
7.30,69.12,1
6.42,73.46,1
5.13,53.32,1
8.40,75.47,1
0.57,19.20,0
3.08,50.84,1
3.04,38.79,0
7.20,40.91,1
8.86,71.76,1
8.59,81.80,1
4.34,52.94,1
1.84,37.33,0
0.13,26.52,0
5.38,52.31,1
7.08,56.55,1
2.76,37.76,0
7.75,43.01,1
11.39,95.35,1
7.94,69.67,1
3.48,64.07,1
3.59,25.90,0
10.10,81.93,1
4.50,54.46,1
7.05,62.31,1
3.98,36.30,0
1.38,33.45,0
2.58,25.45,0
3.65,50.05,1
2.21,44.18,1
3.29,54.73,1
1.23,10.22,0
3.74,31.33,0
7.66,61.43,1
1.92,39.13,0
8.55,44.09,1
9.08,64.20,1
9.58,53.98,1
6.83,70.55,1
2.85,24.85,0
11.73,81.05,1
3.42,40.70,1
5.73,32.13,0
4.02,38.85,0
6.04,59.97,1
7.25,72.57,1
0.27,13.27,0
2.08,8.39,0
3.83,27.98,0
3.87,35.72,0
4.83,42.10,1
0.58,15.58,0
1.24,26.35,0
6.64,66.88,1
0.85,21.87,0
11.11,92.79,1
7.78,68.66,1
6.59,61.79,1
3.56,32.63,0
1.24,43.40,1
1.44,31.06,0
0.75,21.70,0
10.49,78.04,1
0.24,24.13,0
11.04,59.32,1
9.82,69.25,1
2.37,14.65,0
11.23,96.15,1
11.54,68.21,1
9.26,74.60,1
7.14,85.04,1
1.44,33.69,0
9.37,84.35,1
0.61,15.72,0
10.66,70.65,1
2.84,51.26,1
7.99,76.62,1
11.78,74.06,1
10.45,100.00,1
3.78,30.94,0
11.54,83.44,1
10.86,71.16,1
0.12,15.95,0
2.95,50.87,1
2.87,22.56,0
9.49,69.17,1
3.66,48.70,1
8.43,78.23,1
11.02,60.31,1
11.97,96.12,1
1.78,42.28,1
2.18,48.46,1
7.50,71.39,1
11.73,88.86,1
3.78,40.03,1
5.01,42.93,1
9.55,76.19,1
6.87,66.04,1
9.16,59.64,1
3.91,52.41,1
8.54,45.66,1
7.90,77.07,1
6.74,31.77,0
6.15,40.06,1
8.09,72.77,1
8.52,56.92,1
4.92,56.75,1
10.10,74.63,1
4.58,48.32,1
7.84,56.65,1
6.01,62.35,1
7.24,50.60,1
4.54,56.69,1
9.77,81.32,1
3.78,52.56,1
0.76,27.52,0
1.42,21.42,0
6.53,37.40,0
0.03,29.08,0
5.56,59.21,1
5.03,41.06,1
6.48,50.46,1
6.35,60.43,1
3.07,23.83,0
8.98,58.93,1
4.33,47.39,1
4.86,56.78,1
6.63,37.31,0
11.14,72.73,1
6.31,77.27,1
4.10,42.38,1
1.72,23.00,0
3.92,41.13,1
3.15,51.67,1
8.42,80.84,1
1.93,31.75,0
9.14,79.15,1
5.08,50.12,1
10.93,90.86,1
0.04,3.21,0
0.27,32.19,0
10.96,78.95,1
0.98,21.12,0
9.09,95.39,1
4.84,45.63,1
2.19,19.79,0
8.74,73.52,1
5.22,58.53,1
2.78,28.29,0
10.22,73.03,1
5.13,48.15,1
2.89,45.40,1
6.45,35.66,0
1.03,20.43,0
1.92,34.29,0
4.55,20.60,0
10.95,86.69,1
3.18,56.59,1
6.82,43.71,1
0.11,0.00,0
0.61,25.50,0
3.50,38.45,0
3.23,38.81,0
9.15,80.90,1
6.31,39.30,0
3.12,0.25,0
5.54,42.44,1
6.05,58.48,1
4.83,38.97,0
1.90,49.08,1
7.68,67.55,1
11.26,70.79,1
1.14,20.48,0
11.18,61.70,1
9.22,66.78,1
6.29,36.18,0
11.29,84.02,1
11.52,88.53,1
11.59,94.28,1
3.61,36.07,0
6.12,57.55,1
7.61,77.27,1
0.73,26.96,0
9.73,79.44,1
3.20,22.97,0
0.74,24.48,0
9.10,72.32,1
2.77,35.79,0
5.40,61.11,1
10.02,100.00,1
0.15,38.42,0
0.31,42.98,1
4.13,40.17,1
7.02,47.26,1
7.94,46.30,1
0.70,9.56,0
2.32,41.92,1
0.09,5.87,0
0.95,15.07,0
1.72,26.96,0
1.79,35.55,0
5.78,30.33,0
11.04,87.11,1
7.81,52.51,1
11.39,100.00,1
1.50,27.90,0
5.75,58.91,1
4.57,58.67,1
11.41,90.16,1
5.91,45.50,1
7.22,38.15,0
10.61,46.45,1
5.69,56.60,1
1.97,36.48,0
7.16,53.97,1
7.50,89.50,1
7.96,66.56,1
5.51,63.14,1
5.29,35.45,0
10.56,84.14,1
0.03,12.04,0
3.61,46.77,1
3.17,34.97,0
0.84,37.09,0
10.63,85.04,1
3.34,37.46,0
0.42,16.12,0
6.52,45.22,1
0.38,33.29,0
9.86,86.87,1
6.40,66.81,1
5.74,44.77,1
8.75,50.14,1
0.78,0.00,0
6.56,86.19,1
8.85,67.87,1
8.06,70.81,1
1.45,36.17,0
3.65,33.36,0
4.64,61.46,1
4.85,52.86,1
3.20,32.62,0
4.21,47.82,1
5.54,30.03,0
3.41,22.83,0
2.64,40.78,1
10.71,80.93,1
0.50,30.17,0
5.93,44.08,1
3.98,38.17,0
8.60,77.31,1
11.25,100.00,1
4.62,43.24,1
9.40,70.25,1
6.66,47.99,1
5.35,53.69,1
3.27,54.14,1
7.91,49.32,1
4.22,38.36,0
3.52,32.02,0
9.92,83.40,1
7.93,63.00,1
1.67,39.34,0
10.04,64.49,1
7.42,74.55,1
9.24,74.25,1
1.83,26.37,0
1.29,27.30,0
9.26,73.87,1
0.71,12.77,0
11.42,87.58,1
3.43,33.80,0
7.59,50.23,1
11.93,93.86,1
3.47,48.95,1
7.76,77.97,1
7.70,68.96,1
6.96,78.92,1
4.74,29.24,0
10.91,89.07,1
0.63,35.89,0
4.84,20.04,0
6.69,64.68,1
9.63,97.16,1
7.96,63.92,1
11.34,84.06,1
2.03,32.88,0
3.18,24.90,0
2.44,33.79,0
8.07,66.22,1
5.85,39.87,0
5.82,60.20,1
2.89,53.46,1
1.02,27.10,0
8.82,68.81,1
6.46,41.66,1
8.87,70.68,1
1.36,20.95,0
5.66,36.26,0
6.55,30.60,0
2.39,26.85,0
9.18,81.76,1
0.05,35.46,0
10.03,53.80,1
7.03,52.25,1
4.16,33.88,0
7.61,48.23,1
7.45,49.55,1
3.32,34.07,0
6.45,44.86,1
4.65,51.17,1
3.95,9.17,0
4.19,33.71,0
6.58,45.27,1
2.80,42.79,1
10.13,81.40,1
4.59,42.68,1
3.89,39.89,0
3.39,43.98,1
0.69,36.45,0
0.33,33.53,0
5.62,52.98,1
10.48,70.24,1
11.15,75.86,1
10.17,68.46,1
4.62,59.83,1
4.46,57.63,1
9.66,82.20,1
4.75,56.40,1
0.17,34.50,0
2.15,23.59,0
5.00,39.28,0
12.00,87.42,1
6.98,47.78,1
1.97,19.50,0
1.87,45.69,1
9.43,74.09,1
7.70,63.94,1
5.09,38.33,0
5.20,53.23,1
7.04,48.94,1
2.74,34.74,0
1.63,19.74,0
9.86,87.46,1
5.34,51.82,1
6.76,47.33,1
0.40,27.69,0
7.21,48.08,1
10.27,69.13,1
6.08,34.14,0
0.09,33.64,0
10.32,96.17,1
3.87,38.49,0
10.71,61.76,1
9.21,62.87,1
0.44,29.00,0
3.04,40.35,1
9.72,62.57,1
6.10,51.49,1
7.25,48.57,1
5.72,46.51,1
2.69,53.28,1
7.36,52.26,1
3.50,33.02,0
1.33,27.20,0
3.71,33.33,0
6.49,58.65,1
8.67,55.15,1
2.13,42.66,1
4.10,38.49,0
2.58,17.17,0
0.92,32.72,0
1.77,37.16,0
11.69,100.00,1
4.99,43.46,1
3.56,43.11,1
3.92,49.49,1
9.18,81.23,1
2.11,49.04,1
11.58,100.00,1
7.04,57.18,1
7.70,67.73,1
8.10,53.14,1
2.59,37.16,0
7.86,57.87,1
11.71,93.56,1
8.34,72.43,1
6.45,79.56,1
9.77,77.14,1
11.91,76.22,1
10.59,86.66,1
0.88,10.50,0
5.18,48.65,1
7.87,84.87,1
7.71,62.78,1
6.43,46.37,1
0.96,37.22,0
5.58,47.39,1
10.01,70.36,1
4.60,59.14,1
0.05,13.75,0
6.43,71.75,1
5.83,67.98,1
3.54,23.23,0
4.98,43.01,1
9.11,73.90,1
3.41,25.42,0
0.63,41.03,1
2.40,26.25,0
4.93,54.34,1
1.50,31.37,0
5.22,35.07,0
7.76,51.73,1
8.61,61.97,1
9.93,73.20,1
9.81,81.36,1
9.59,78.30,1
7.45,57.30,1
5.36,57.88,1
8.88,62.74,1
1.64,22.10,0
6.37,56.36,1
3.33,37.05,0
0.62,0.00,0
10.63,84.96,1
5.51,33.73,0
2.79,61.77,1
7.82,60.91,1
6.27,60.69,1
2.87,44.57,1
6.78,57.78,1
1.73,29.76,0
5.16,51.31,1
8.30,53.12,1
11.87,74.71,1
6.50,51.69,1
9.12,68.86,1
2.30,43.66,1
3.81,42.52,1
1.16,0.71,0
0.95,24.84,0
9.25,69.04,1
11.21,69.14,1
10.42,100.00,1
11.85,78.21,1
9.15,58.24,1
5.12,41.75,1
7.29,78.58,1
4.08,44.41,1
3.43,38.75,0
5.99,62.93,1
1.86,6.90,0
0.41,24.25,0
6.45,47.92,1
10.87,86.54,1
10.86,62.15,1
9.36,68.25,1
11.89,65.60,1
10.46,73.08,1
2.51,10.19,0
7.95,69.81,1
4.56,47.73,1
1.10,23.79,0
4.72,30.20,0
6.83,55.86,1
8.43,52.76,1
11.96,77.84,1
11.98,100.00,1
7.99,65.15,1
